-- phpMyAdmin SQL Dump
-- version 4.9.2
-- https://www.phpmyadmin.net/
--
-- Host: 127.0.0.1:3308
-- Generation Time: Sep 15, 2020 at 10:19 AM
-- Server version: 8.0.18
-- PHP Version: 7.3.12

SET SQL_MODE = "NO_AUTO_VALUE_ON_ZERO";
SET AUTOCOMMIT = 0;
START TRANSACTION;
SET time_zone = "+00:00";


/*!40101 SET @OLD_CHARACTER_SET_CLIENT=@@CHARACTER_SET_CLIENT */;
/*!40101 SET @OLD_CHARACTER_SET_RESULTS=@@CHARACTER_SET_RESULTS */;
/*!40101 SET @OLD_COLLATION_CONNECTION=@@COLLATION_CONNECTION */;
/*!40101 SET NAMES utf8mb4 */;

--
-- Database: `temp_sessoes_beira`
--

-- --------------------------------------------------------

--
-- Table structure for table `bairros`
--

DROP TABLE IF EXISTS `bairros`;
CREATE TABLE IF NOT EXISTS `bairros` (
  `id` bigint(20) UNSIGNED NOT NULL AUTO_INCREMENT,
  `name` varchar(191) COLLATE utf8mb4_unicode_ci NOT NULL,
  `created_at` timestamp NULL DEFAULT NULL,
  `updated_at` timestamp NULL DEFAULT NULL,
  PRIMARY KEY (`id`)
) ENGINE=MyISAM AUTO_INCREMENT=6 DEFAULT CHARSET=utf8mb4 COLLATE=utf8mb4_unicode_ci;

--
-- Dumping data for table `bairros`
--

INSERT INTO `bairros` (`id`, `name`, `created_at`, `updated_at`) VALUES
(1, 'Chipangara', '2020-08-16 12:25:56', '2020-08-16 12:25:56'),
(2, 'Inhamizua', '2020-08-16 12:26:14', '2020-08-16 12:26:14'),
(3, 'Mananga', '2020-08-16 12:26:23', '2020-08-16 12:26:23'),
(4, 'Mafarinha Dondo', '2020-08-16 12:26:32', '2020-08-16 12:26:32'),
(5, 'Muave', '2020-08-16 12:26:42', '2020-08-16 12:26:42');

-- --------------------------------------------------------

--
-- Table structure for table `bairro_sessao`
--

DROP TABLE IF EXISTS `bairro_sessao`;
CREATE TABLE IF NOT EXISTS `bairro_sessao` (
  `id` bigint(20) UNSIGNED NOT NULL AUTO_INCREMENT,
  `bairro_id` bigint(20) UNSIGNED NOT NULL,
  `sessao_id` bigint(20) UNSIGNED NOT NULL,
  `created_at` timestamp NULL DEFAULT NULL,
  `updated_at` timestamp NULL DEFAULT NULL,
  PRIMARY KEY (`id`),
  KEY `bairro_sessao_bairro_id_foreign` (`bairro_id`),
  KEY `bairro_sessao_sessao_id_foreign` (`sessao_id`)
) ENGINE=MyISAM AUTO_INCREMENT=31 DEFAULT CHARSET=utf8mb4 COLLATE=utf8mb4_unicode_ci;

--
-- Dumping data for table `bairro_sessao`
--

INSERT INTO `bairro_sessao` (`id`, `bairro_id`, `sessao_id`, `created_at`, `updated_at`) VALUES
(1, 1, 1, '2020-08-16 12:32:38', '2020-08-16 12:32:38'),
(2, 2, 1, '2020-08-16 12:32:38', '2020-08-16 12:32:38'),
(3, 3, 1, '2020-08-16 12:32:38', '2020-08-16 12:32:38'),
(4, 4, 1, '2020-08-16 12:32:38', '2020-08-16 12:32:38'),
(5, 5, 1, '2020-08-16 12:32:38', '2020-08-16 12:32:38'),
(6, 1, 2, '2020-08-16 12:32:51', '2020-08-16 12:32:51'),
(7, 2, 2, '2020-08-16 12:32:51', '2020-08-16 12:32:51'),
(8, 3, 2, '2020-08-16 12:32:51', '2020-08-16 12:32:51'),
(9, 4, 2, '2020-08-16 12:32:51', '2020-08-16 12:32:51'),
(10, 5, 2, '2020-08-16 12:32:51', '2020-08-16 12:32:51'),
(11, 1, 3, '2020-08-16 12:33:20', '2020-08-16 12:33:20'),
(12, 2, 3, '2020-08-16 12:33:20', '2020-08-16 12:33:20'),
(13, 3, 3, '2020-08-16 12:33:20', '2020-08-16 12:33:20'),
(14, 4, 3, '2020-08-16 12:33:20', '2020-08-16 12:33:20'),
(15, 5, 3, '2020-08-16 12:33:20', '2020-08-16 12:33:20'),
(16, 1, 4, '2020-08-16 12:33:42', '2020-08-16 12:33:42'),
(17, 2, 4, '2020-08-16 12:33:42', '2020-08-16 12:33:42'),
(18, 3, 4, '2020-08-16 12:33:42', '2020-08-16 12:33:42'),
(19, 4, 4, '2020-08-16 12:33:42', '2020-08-16 12:33:42'),
(20, 5, 4, '2020-08-16 12:33:42', '2020-08-16 12:33:42'),
(21, 1, 5, '2020-08-16 12:34:26', '2020-08-16 12:34:26'),
(22, 2, 5, '2020-08-16 12:34:26', '2020-08-16 12:34:26'),
(23, 3, 5, '2020-08-16 12:34:26', '2020-08-16 12:34:26'),
(24, 4, 5, '2020-08-16 12:34:26', '2020-08-16 12:34:26'),
(25, 5, 5, '2020-08-16 12:34:26', '2020-08-16 12:34:26'),
(26, 1, 6, '2020-08-16 12:34:50', '2020-08-16 12:34:50'),
(27, 2, 6, '2020-08-16 12:34:50', '2020-08-16 12:34:50'),
(28, 3, 6, '2020-08-16 12:34:50', '2020-08-16 12:34:50'),
(29, 4, 6, '2020-08-16 12:34:50', '2020-08-16 12:34:50'),
(30, 5, 6, '2020-08-16 12:34:50', '2020-08-16 12:34:50');

-- --------------------------------------------------------

--
-- Table structure for table `categorias`
--

DROP TABLE IF EXISTS `categorias`;
CREATE TABLE IF NOT EXISTS `categorias` (
  `id` bigint(20) UNSIGNED NOT NULL AUTO_INCREMENT,
  `name` varchar(191) COLLATE utf8mb4_unicode_ci NOT NULL,
  `created_at` timestamp NULL DEFAULT NULL,
  `updated_at` timestamp NULL DEFAULT NULL,
  PRIMARY KEY (`id`)
) ENGINE=MyISAM AUTO_INCREMENT=17 DEFAULT CHARSET=utf8mb4 COLLATE=utf8mb4_unicode_ci;

--
-- Dumping data for table `categorias`
--

INSERT INTO `categorias` (`id`, `name`, `created_at`, `updated_at`) VALUES
(1, 'Domínio técnico do conteúdo', '2020-08-16 12:38:37', '2020-08-16 12:38:37'),
(2, 'capacidade comunicativa para transmitir a informação', '2020-08-16 12:38:52', '2020-08-16 12:38:52'),
(3, 'Cordialidade', '2020-08-16 12:39:05', '2020-08-16 12:39:05'),
(4, 'Prevenção', '2020-08-16 12:44:40', '2020-08-16 12:44:40'),
(5, 'Vias de contaminação', '2020-08-16 12:44:56', '2020-08-16 12:44:56'),
(6, 'Sintomas', '2020-08-16 12:45:16', '2020-08-16 12:45:16'),
(7, 'Diagnóstico', '2020-08-16 12:45:34', '2020-08-16 12:45:34'),
(8, 'Cura & tratamento', '2020-08-16 12:45:50', '2020-08-16 12:45:50'),
(9, 'Grupos de risco', '2020-08-16 12:46:06', '2020-08-16 12:46:06'),
(10, 'Pertinência da aprendizagem para comunidade', '2020-08-16 12:57:06', '2020-08-16 12:57:06'),
(14, 'Comportamento durante o Tratamento', '2020-08-16 15:35:27', '2020-08-16 15:35:27'),
(13, 'Consequências', '2020-08-16 15:35:06', '2020-08-16 15:35:06'),
(15, 'Causas ', '2020-08-16 15:40:54', '2020-08-16 15:40:54'),
(16, 'Existe alguma lei que condena o casamento prematuro?', '2020-08-16 15:45:06', '2020-08-16 15:45:06');

-- --------------------------------------------------------

--
-- Table structure for table `categoria_dimensao`
--

DROP TABLE IF EXISTS `categoria_dimensao`;
CREATE TABLE IF NOT EXISTS `categoria_dimensao` (
  `id` bigint(20) UNSIGNED NOT NULL AUTO_INCREMENT,
  `categoria_id` bigint(20) UNSIGNED NOT NULL,
  `dimensao_id` int(11) NOT NULL,
  `sessao_id` int(11) NOT NULL,
  `bairro_id` int(11) NOT NULL,
  `created_at` timestamp NULL DEFAULT NULL,
  `updated_at` timestamp NULL DEFAULT NULL,
  PRIMARY KEY (`id`)
) ENGINE=MyISAM AUTO_INCREMENT=301 DEFAULT CHARSET=utf8mb4 COLLATE=utf8mb4_unicode_ci;

--
-- Dumping data for table `categoria_dimensao`
--

INSERT INTO `categoria_dimensao` (`id`, `categoria_id`, `dimensao_id`, `sessao_id`, `bairro_id`, `created_at`, `updated_at`) VALUES
(1, 1, 1, 1, 1, '2020-08-16 12:38:37', '2020-08-16 12:38:37'),
(2, 1, 1, 1, 2, '2020-08-16 12:38:37', '2020-08-16 12:38:37'),
(3, 1, 1, 1, 3, '2020-08-16 12:38:37', '2020-08-16 12:38:37'),
(4, 1, 1, 1, 4, '2020-08-16 12:38:37', '2020-08-16 12:38:37'),
(5, 1, 1, 1, 5, '2020-08-16 12:38:37', '2020-08-16 12:38:37'),
(6, 2, 1, 1, 1, '2020-08-16 12:38:52', '2020-08-16 12:38:52'),
(7, 2, 1, 1, 2, '2020-08-16 12:38:52', '2020-08-16 12:38:52'),
(8, 2, 1, 1, 3, '2020-08-16 12:38:52', '2020-08-16 12:38:52'),
(9, 2, 1, 1, 4, '2020-08-16 12:38:52', '2020-08-16 12:38:52'),
(10, 2, 1, 1, 5, '2020-08-16 12:38:52', '2020-08-16 12:38:52'),
(11, 3, 1, 1, 1, '2020-08-16 12:39:05', '2020-08-16 12:39:05'),
(12, 3, 1, 1, 2, '2020-08-16 12:39:05', '2020-08-16 12:39:05'),
(13, 3, 1, 1, 3, '2020-08-16 12:39:05', '2020-08-16 12:39:05'),
(14, 3, 1, 1, 4, '2020-08-16 12:39:05', '2020-08-16 12:39:05'),
(15, 3, 1, 1, 5, '2020-08-16 12:39:05', '2020-08-16 12:39:05'),
(16, 4, 2, 1, 1, '2020-08-16 12:44:40', '2020-08-16 12:44:40'),
(17, 4, 2, 1, 2, '2020-08-16 12:44:40', '2020-08-16 12:44:40'),
(18, 4, 2, 1, 3, '2020-08-16 12:44:40', '2020-08-16 12:44:40'),
(19, 4, 2, 1, 4, '2020-08-16 12:44:40', '2020-08-16 12:44:40'),
(20, 4, 2, 1, 5, '2020-08-16 12:44:40', '2020-08-16 12:44:40'),
(21, 5, 2, 1, 1, '2020-08-16 12:44:56', '2020-08-16 12:44:56'),
(22, 5, 2, 1, 2, '2020-08-16 12:44:56', '2020-08-16 12:44:56'),
(23, 5, 2, 1, 3, '2020-08-16 12:44:56', '2020-08-16 12:44:56'),
(24, 5, 2, 1, 4, '2020-08-16 12:44:56', '2020-08-16 12:44:56'),
(25, 5, 2, 1, 5, '2020-08-16 12:44:56', '2020-08-16 12:44:56'),
(26, 6, 2, 1, 1, '2020-08-16 12:45:16', '2020-08-16 12:45:16'),
(27, 6, 2, 1, 2, '2020-08-16 12:45:16', '2020-08-16 12:45:16'),
(28, 6, 2, 1, 3, '2020-08-16 12:45:16', '2020-08-16 12:45:16'),
(29, 6, 2, 1, 4, '2020-08-16 12:45:16', '2020-08-16 12:45:16'),
(30, 6, 2, 1, 5, '2020-08-16 12:45:16', '2020-08-16 12:45:16'),
(31, 7, 2, 1, 1, '2020-08-16 12:45:34', '2020-08-16 12:45:34'),
(32, 7, 2, 1, 2, '2020-08-16 12:45:34', '2020-08-16 12:45:34'),
(33, 7, 2, 1, 3, '2020-08-16 12:45:34', '2020-08-16 12:45:34'),
(34, 7, 2, 1, 4, '2020-08-16 12:45:34', '2020-08-16 12:45:34'),
(35, 7, 2, 1, 5, '2020-08-16 12:45:34', '2020-08-16 12:45:34'),
(36, 8, 2, 1, 1, '2020-08-16 12:45:50', '2020-08-16 12:45:50'),
(37, 8, 2, 1, 2, '2020-08-16 12:45:50', '2020-08-16 12:45:50'),
(38, 8, 2, 1, 3, '2020-08-16 12:45:50', '2020-08-16 12:45:50'),
(39, 8, 2, 1, 4, '2020-08-16 12:45:50', '2020-08-16 12:45:50'),
(40, 8, 2, 1, 5, '2020-08-16 12:45:50', '2020-08-16 12:45:50'),
(41, 9, 2, 1, 1, '2020-08-16 12:46:06', '2020-08-16 12:46:06'),
(42, 9, 2, 1, 2, '2020-08-16 12:46:06', '2020-08-16 12:46:06'),
(43, 9, 2, 1, 3, '2020-08-16 12:46:06', '2020-08-16 12:46:06'),
(44, 9, 2, 1, 4, '2020-08-16 12:46:06', '2020-08-16 12:46:06'),
(45, 9, 2, 1, 5, '2020-08-16 12:46:06', '2020-08-16 12:46:06'),
(46, 10, 3, 1, 1, '2020-08-16 12:57:06', '2020-08-16 12:57:06'),
(47, 10, 3, 1, 2, '2020-08-16 12:57:06', '2020-08-16 12:57:06'),
(48, 10, 3, 1, 3, '2020-08-16 12:57:06', '2020-08-16 12:57:06'),
(49, 10, 3, 1, 4, '2020-08-16 12:57:06', '2020-08-16 12:57:06'),
(50, 10, 3, 1, 5, '2020-08-16 12:57:06', '2020-08-16 12:57:06'),
(70, 1, 1, 2, 4, '2020-08-16 12:57:06', '2020-08-16 12:57:06'),
(69, 3, 1, 2, 3, '2020-08-16 12:57:06', '2020-08-16 12:57:06'),
(68, 2, 1, 2, 3, '2020-08-16 12:57:06', '2020-08-16 12:57:06'),
(67, 1, 1, 2, 3, '2020-08-16 12:57:06', '2020-08-16 12:57:06'),
(66, 3, 1, 2, 2, '2020-08-16 12:57:06', '2020-08-16 12:57:06'),
(65, 2, 1, 2, 2, '2020-08-16 12:57:06', '2020-08-16 12:57:06'),
(64, 1, 1, 2, 2, '2020-08-16 12:57:06', '2020-08-16 12:57:06'),
(63, 3, 1, 2, 1, '2020-08-16 12:57:06', '2020-08-16 12:57:06'),
(62, 2, 1, 2, 1, '2020-08-16 12:57:06', '2020-08-16 12:57:06'),
(61, 1, 1, 2, 1, '2020-08-16 12:57:06', '2020-08-16 12:57:06'),
(71, 2, 1, 2, 4, '2020-08-16 12:57:06', '2020-08-16 12:57:06'),
(72, 3, 1, 2, 4, '2020-08-16 12:57:06', '2020-08-16 12:57:06'),
(73, 1, 1, 2, 5, '2020-08-16 12:57:06', '2020-08-16 12:57:06'),
(74, 2, 1, 2, 5, '2020-08-16 12:57:06', '2020-08-16 12:57:06'),
(75, 3, 1, 2, 5, '2020-08-16 12:57:06', '2020-08-16 12:57:06'),
(76, 1, 1, 3, 1, '2020-08-16 12:57:06', '2020-08-16 12:57:06'),
(77, 2, 1, 3, 1, '2020-08-16 12:57:06', '2020-08-16 12:57:06'),
(78, 3, 1, 3, 1, '2020-08-16 12:57:06', '2020-08-16 12:57:06'),
(79, 1, 1, 3, 2, '2020-08-16 12:57:06', '2020-08-16 12:57:06'),
(80, 2, 1, 3, 2, '2020-08-16 12:57:06', '2020-08-16 12:57:06'),
(81, 3, 1, 3, 2, '2020-08-16 12:57:06', '2020-08-16 12:57:06'),
(82, 1, 1, 3, 3, '2020-08-16 12:57:06', '2020-08-16 12:57:06'),
(83, 2, 1, 3, 3, '2020-08-16 12:57:06', '2020-08-16 12:57:06'),
(84, 3, 1, 3, 3, '2020-08-16 12:57:06', '2020-08-16 12:57:06'),
(85, 1, 1, 3, 4, '2020-08-16 12:57:06', '2020-08-16 12:57:06'),
(86, 2, 1, 3, 4, '2020-08-16 12:57:06', '2020-08-16 12:57:06'),
(87, 3, 1, 3, 4, '2020-08-16 12:57:06', '2020-08-16 12:57:06'),
(88, 1, 1, 3, 5, '2020-08-16 12:57:06', '2020-08-16 12:57:06'),
(89, 2, 1, 3, 5, '2020-08-16 12:57:06', '2020-08-16 12:57:06'),
(90, 3, 1, 3, 5, '2020-08-16 12:57:06', '2020-08-16 12:57:06'),
(91, 1, 1, 4, 1, '2020-08-16 12:57:06', '2020-08-16 12:57:06'),
(92, 2, 1, 4, 1, '2020-08-16 12:57:06', '2020-08-16 12:57:06'),
(93, 3, 1, 4, 1, '2020-08-16 12:57:06', '2020-08-16 12:57:06'),
(94, 1, 1, 4, 2, '2020-08-16 12:57:06', '2020-08-16 12:57:06'),
(95, 2, 1, 4, 2, '2020-08-16 12:57:06', '2020-08-16 12:57:06'),
(96, 3, 1, 4, 2, '2020-08-16 12:57:06', '2020-08-16 12:57:06'),
(97, 1, 1, 4, 3, '2020-08-16 12:57:06', '2020-08-16 12:57:06'),
(98, 2, 1, 4, 3, '2020-08-16 12:57:06', '2020-08-16 12:57:06'),
(99, 3, 1, 4, 3, '2020-08-16 12:57:06', '2020-08-16 12:57:06'),
(100, 1, 1, 4, 4, '2020-08-16 12:57:06', '2020-08-16 12:57:06'),
(101, 2, 1, 4, 4, '2020-08-16 12:57:06', '2020-08-16 12:57:06'),
(102, 3, 1, 4, 4, '2020-08-16 12:57:06', '2020-08-16 12:57:06'),
(103, 1, 1, 4, 5, '2020-08-16 12:57:06', '2020-08-16 12:57:06'),
(104, 2, 1, 4, 5, '2020-08-16 12:57:06', '2020-08-16 12:57:06'),
(105, 3, 1, 4, 5, '2020-08-16 12:57:06', '2020-08-16 12:57:06'),
(106, 1, 1, 5, 1, '2020-08-16 12:57:06', '2020-08-16 12:57:06'),
(107, 2, 1, 5, 1, '2020-08-16 12:57:06', '2020-08-16 12:57:06'),
(108, 3, 1, 5, 1, '2020-08-16 12:57:06', '2020-08-16 12:57:06'),
(109, 1, 1, 5, 2, '2020-08-16 12:57:06', '2020-08-16 12:57:06'),
(110, 2, 1, 5, 2, '2020-08-16 12:57:06', '2020-08-16 12:57:06'),
(111, 3, 1, 5, 2, '2020-08-16 12:57:06', '2020-08-16 12:57:06'),
(112, 1, 1, 5, 3, '2020-08-16 12:57:06', '2020-08-16 12:57:06'),
(113, 2, 1, 5, 3, '2020-08-16 12:57:06', '2020-08-16 12:57:06'),
(114, 3, 1, 5, 3, '2020-08-16 12:57:06', '2020-08-16 12:57:06'),
(115, 1, 1, 5, 4, '2020-08-16 12:57:06', '2020-08-16 12:57:06'),
(116, 2, 1, 5, 4, '2020-08-16 12:57:06', '2020-08-16 12:57:06'),
(117, 3, 1, 5, 4, '2020-08-16 12:57:06', '2020-08-16 12:57:06'),
(118, 1, 1, 5, 5, '2020-08-16 12:57:06', '2020-08-16 12:57:06'),
(119, 2, 1, 5, 5, '2020-08-16 12:57:06', '2020-08-16 12:57:06'),
(120, 3, 1, 5, 5, '2020-08-16 12:57:06', '2020-08-16 12:57:06'),
(121, 1, 1, 6, 1, '2020-08-16 12:57:06', '2020-08-16 12:57:06'),
(122, 2, 1, 6, 1, '2020-08-16 12:57:06', '2020-08-16 12:57:06'),
(123, 3, 1, 6, 1, '2020-08-16 12:57:06', '2020-08-16 12:57:06'),
(124, 1, 1, 6, 2, '2020-08-16 12:57:06', '2020-08-16 12:57:06'),
(125, 2, 1, 6, 2, '2020-08-16 12:57:06', '2020-08-16 12:57:06'),
(126, 3, 1, 6, 2, '2020-08-16 12:57:06', '2020-08-16 12:57:06'),
(127, 1, 1, 6, 3, '2020-08-16 12:57:06', '2020-08-16 12:57:06'),
(128, 2, 1, 6, 3, '2020-08-16 12:57:06', '2020-08-16 12:57:06'),
(129, 3, 1, 6, 3, '2020-08-16 12:57:06', '2020-08-16 12:57:06'),
(130, 1, 1, 6, 4, '2020-08-16 12:57:06', '2020-08-16 12:57:06'),
(131, 2, 1, 6, 4, '2020-08-16 12:57:06', '2020-08-16 12:57:06'),
(132, 3, 1, 6, 4, '2020-08-16 12:57:06', '2020-08-16 12:57:06'),
(133, 1, 1, 6, 5, '2020-08-16 12:57:06', '2020-08-16 12:57:06'),
(134, 2, 1, 6, 5, '2020-08-16 12:57:06', '2020-08-16 12:57:06'),
(135, 3, 1, 6, 5, '2020-08-16 12:57:06', '2020-08-16 12:57:06'),
(136, 10, 3, 2, 1, '2020-08-16 12:57:06', '2020-08-16 12:57:06'),
(137, 10, 3, 2, 2, '2020-08-16 12:57:06', '2020-08-16 12:57:06'),
(138, 10, 3, 2, 3, '2020-08-16 12:57:06', '2020-08-16 12:57:06'),
(139, 10, 3, 2, 4, '2020-08-16 12:57:06', '2020-08-16 12:57:06'),
(140, 10, 3, 2, 5, '2020-08-16 12:57:06', '2020-08-16 12:57:06'),
(141, 10, 3, 3, 1, '2020-08-16 12:57:06', '2020-08-16 12:57:06'),
(142, 10, 3, 3, 2, '2020-08-16 12:57:06', '2020-08-16 12:57:06'),
(143, 10, 3, 3, 3, '2020-08-16 12:57:06', '2020-08-16 12:57:06'),
(144, 10, 3, 3, 4, '2020-08-16 12:57:06', '2020-08-16 12:57:06'),
(145, 10, 3, 3, 5, '2020-08-16 12:57:06', '2020-08-16 12:57:06'),
(146, 10, 3, 4, 1, '2020-08-16 12:57:06', '2020-08-16 12:57:06'),
(147, 10, 3, 4, 2, '2020-08-16 12:57:06', '2020-08-16 12:57:06'),
(148, 10, 3, 4, 3, '2020-08-16 12:57:06', '2020-08-16 12:57:06'),
(149, 10, 3, 4, 4, '2020-08-16 12:57:06', '2020-08-16 12:57:06'),
(150, 10, 3, 4, 5, '2020-08-16 12:57:06', '2020-08-16 12:57:06'),
(151, 10, 3, 5, 1, '2020-08-16 12:57:06', '2020-08-16 12:57:06'),
(152, 10, 3, 5, 2, '2020-08-16 12:57:06', '2020-08-16 12:57:06'),
(153, 10, 3, 5, 3, '2020-08-16 12:57:06', '2020-08-16 12:57:06'),
(154, 10, 3, 5, 4, '2020-08-16 12:57:06', '2020-08-16 12:57:06'),
(155, 10, 3, 5, 5, '2020-08-16 12:57:06', '2020-08-16 12:57:06'),
(156, 10, 3, 6, 1, '2020-08-16 12:57:06', '2020-08-16 12:57:06'),
(157, 10, 3, 6, 2, '2020-08-16 12:57:06', '2020-08-16 12:57:06'),
(158, 10, 3, 6, 3, '2020-08-16 12:57:06', '2020-08-16 12:57:06'),
(159, 10, 3, 6, 4, '2020-08-16 12:57:06', '2020-08-16 12:57:06'),
(160, 10, 3, 6, 5, '2020-08-16 12:57:06', '2020-08-16 12:57:06'),
(161, 4, 2, 2, 1, '2020-08-16 15:33:39', '2020-08-16 15:33:39'),
(162, 4, 2, 2, 2, '2020-08-16 15:33:39', '2020-08-16 15:33:39'),
(163, 4, 2, 2, 3, '2020-08-16 15:33:39', '2020-08-16 15:33:39'),
(164, 4, 2, 2, 4, '2020-08-16 15:33:39', '2020-08-16 15:33:39'),
(165, 4, 2, 2, 5, '2020-08-16 15:33:39', '2020-08-16 15:33:39'),
(166, 5, 2, 2, 1, '2020-08-16 15:34:06', '2020-08-16 15:34:06'),
(167, 5, 2, 2, 2, '2020-08-16 15:34:06', '2020-08-16 15:34:06'),
(168, 5, 2, 2, 3, '2020-08-16 15:34:06', '2020-08-16 15:34:06'),
(169, 5, 2, 2, 4, '2020-08-16 15:34:06', '2020-08-16 15:34:06'),
(170, 5, 2, 2, 5, '2020-08-16 15:34:06', '2020-08-16 15:34:06'),
(171, 6, 2, 2, 1, '2020-08-16 15:34:35', '2020-08-16 15:34:35'),
(172, 6, 2, 2, 2, '2020-08-16 15:34:35', '2020-08-16 15:34:35'),
(173, 6, 2, 2, 3, '2020-08-16 15:34:35', '2020-08-16 15:34:35'),
(174, 6, 2, 2, 4, '2020-08-16 15:34:35', '2020-08-16 15:34:35'),
(175, 6, 2, 2, 5, '2020-08-16 15:34:35', '2020-08-16 15:34:35'),
(176, 13, 2, 2, 1, '2020-08-16 15:35:06', '2020-08-16 15:35:06'),
(177, 13, 2, 2, 2, '2020-08-16 15:35:06', '2020-08-16 15:35:06'),
(178, 13, 2, 2, 3, '2020-08-16 15:35:06', '2020-08-16 15:35:06'),
(179, 13, 2, 2, 4, '2020-08-16 15:35:06', '2020-08-16 15:35:06'),
(180, 13, 2, 2, 5, '2020-08-16 15:35:06', '2020-08-16 15:35:06'),
(181, 14, 2, 2, 1, '2020-08-16 15:35:27', '2020-08-16 15:35:27'),
(182, 14, 2, 2, 2, '2020-08-16 15:35:27', '2020-08-16 15:35:27'),
(183, 14, 2, 2, 3, '2020-08-16 15:35:27', '2020-08-16 15:35:27'),
(184, 14, 2, 2, 4, '2020-08-16 15:35:27', '2020-08-16 15:35:27'),
(185, 14, 2, 2, 5, '2020-08-16 15:35:27', '2020-08-16 15:35:27'),
(186, 9, 2, 2, 1, '2020-08-16 15:35:38', '2020-08-16 15:35:38'),
(187, 9, 2, 2, 2, '2020-08-16 15:35:38', '2020-08-16 15:35:38'),
(188, 9, 2, 2, 3, '2020-08-16 15:35:38', '2020-08-16 15:35:38'),
(189, 9, 2, 2, 4, '2020-08-16 15:35:38', '2020-08-16 15:35:38'),
(190, 9, 2, 2, 5, '2020-08-16 15:35:38', '2020-08-16 15:35:38'),
(191, 4, 2, 3, 1, '2020-08-16 15:37:11', '2020-08-16 15:37:11'),
(192, 4, 2, 3, 2, '2020-08-16 15:37:11', '2020-08-16 15:37:11'),
(193, 4, 2, 3, 3, '2020-08-16 15:37:11', '2020-08-16 15:37:11'),
(194, 4, 2, 3, 4, '2020-08-16 15:37:11', '2020-08-16 15:37:11'),
(195, 4, 2, 3, 5, '2020-08-16 15:37:11', '2020-08-16 15:37:11'),
(196, 5, 2, 3, 1, '2020-08-16 15:37:22', '2020-08-16 15:37:22'),
(197, 5, 2, 3, 2, '2020-08-16 15:37:22', '2020-08-16 15:37:22'),
(198, 5, 2, 3, 3, '2020-08-16 15:37:22', '2020-08-16 15:37:22'),
(199, 5, 2, 3, 4, '2020-08-16 15:37:22', '2020-08-16 15:37:22'),
(200, 5, 2, 3, 5, '2020-08-16 15:37:22', '2020-08-16 15:37:22'),
(201, 6, 2, 3, 1, '2020-08-16 15:37:32', '2020-08-16 15:37:32'),
(202, 6, 2, 3, 2, '2020-08-16 15:37:32', '2020-08-16 15:37:32'),
(203, 6, 2, 3, 3, '2020-08-16 15:37:32', '2020-08-16 15:37:32'),
(204, 6, 2, 3, 4, '2020-08-16 15:37:32', '2020-08-16 15:37:32'),
(205, 6, 2, 3, 5, '2020-08-16 15:37:32', '2020-08-16 15:37:32'),
(206, 13, 2, 3, 1, '2020-08-16 15:37:53', '2020-08-16 15:37:53'),
(207, 13, 2, 3, 2, '2020-08-16 15:37:53', '2020-08-16 15:37:53'),
(208, 13, 2, 3, 3, '2020-08-16 15:37:53', '2020-08-16 15:37:53'),
(209, 13, 2, 3, 4, '2020-08-16 15:37:53', '2020-08-16 15:37:53'),
(210, 13, 2, 3, 5, '2020-08-16 15:37:53', '2020-08-16 15:37:53'),
(211, 14, 2, 3, 1, '2020-08-16 15:38:09', '2020-08-16 15:38:09'),
(212, 14, 2, 3, 2, '2020-08-16 15:38:09', '2020-08-16 15:38:09'),
(213, 14, 2, 3, 3, '2020-08-16 15:38:09', '2020-08-16 15:38:09'),
(214, 14, 2, 3, 4, '2020-08-16 15:38:09', '2020-08-16 15:38:09'),
(215, 14, 2, 3, 5, '2020-08-16 15:38:09', '2020-08-16 15:38:09'),
(216, 9, 2, 3, 1, '2020-08-16 15:38:23', '2020-08-16 15:38:23'),
(217, 9, 2, 3, 2, '2020-08-16 15:38:23', '2020-08-16 15:38:23'),
(218, 9, 2, 3, 3, '2020-08-16 15:38:23', '2020-08-16 15:38:23'),
(219, 9, 2, 3, 4, '2020-08-16 15:38:23', '2020-08-16 15:38:23'),
(220, 9, 2, 3, 5, '2020-08-16 15:38:23', '2020-08-16 15:38:23'),
(221, 4, 2, 4, 1, '2020-08-16 15:39:43', '2020-08-16 15:39:43'),
(222, 4, 2, 4, 2, '2020-08-16 15:39:43', '2020-08-16 15:39:43'),
(223, 4, 2, 4, 3, '2020-08-16 15:39:43', '2020-08-16 15:39:43'),
(224, 4, 2, 4, 4, '2020-08-16 15:39:43', '2020-08-16 15:39:43'),
(225, 4, 2, 4, 5, '2020-08-16 15:39:43', '2020-08-16 15:39:43'),
(226, 15, 2, 4, 1, '2020-08-16 15:40:54', '2020-08-16 15:40:54'),
(227, 15, 2, 4, 2, '2020-08-16 15:40:54', '2020-08-16 15:40:54'),
(228, 15, 2, 4, 3, '2020-08-16 15:40:54', '2020-08-16 15:40:54'),
(229, 15, 2, 4, 4, '2020-08-16 15:40:54', '2020-08-16 15:40:54'),
(230, 15, 2, 4, 5, '2020-08-16 15:40:54', '2020-08-16 15:40:54'),
(231, 6, 2, 4, 1, '2020-08-16 15:41:05', '2020-08-16 15:41:05'),
(232, 6, 2, 4, 2, '2020-08-16 15:41:05', '2020-08-16 15:41:05'),
(233, 6, 2, 4, 3, '2020-08-16 15:41:05', '2020-08-16 15:41:05'),
(234, 6, 2, 4, 4, '2020-08-16 15:41:05', '2020-08-16 15:41:05'),
(235, 6, 2, 4, 5, '2020-08-16 15:41:05', '2020-08-16 15:41:05'),
(236, 13, 2, 4, 1, '2020-08-16 15:41:21', '2020-08-16 15:41:21'),
(237, 13, 2, 4, 2, '2020-08-16 15:41:21', '2020-08-16 15:41:21'),
(238, 13, 2, 4, 3, '2020-08-16 15:41:21', '2020-08-16 15:41:21'),
(239, 13, 2, 4, 4, '2020-08-16 15:41:21', '2020-08-16 15:41:21'),
(240, 13, 2, 4, 5, '2020-08-16 15:41:21', '2020-08-16 15:41:21'),
(241, 8, 2, 4, 1, '2020-08-16 15:41:33', '2020-08-16 15:41:33'),
(242, 8, 2, 4, 2, '2020-08-16 15:41:33', '2020-08-16 15:41:33'),
(243, 8, 2, 4, 3, '2020-08-16 15:41:33', '2020-08-16 15:41:33'),
(244, 8, 2, 4, 4, '2020-08-16 15:41:33', '2020-08-16 15:41:33'),
(245, 8, 2, 4, 5, '2020-08-16 15:41:33', '2020-08-16 15:41:33'),
(246, 9, 2, 4, 1, '2020-08-16 15:41:42', '2020-08-16 15:41:42'),
(247, 9, 2, 4, 2, '2020-08-16 15:41:42', '2020-08-16 15:41:42'),
(248, 9, 2, 4, 3, '2020-08-16 15:41:42', '2020-08-16 15:41:42'),
(249, 9, 2, 4, 4, '2020-08-16 15:41:42', '2020-08-16 15:41:42'),
(250, 9, 2, 4, 5, '2020-08-16 15:41:42', '2020-08-16 15:41:42'),
(251, 15, 2, 5, 1, '2020-08-16 15:42:46', '2020-08-16 15:42:46'),
(252, 15, 2, 5, 2, '2020-08-16 15:42:46', '2020-08-16 15:42:46'),
(253, 15, 2, 5, 3, '2020-08-16 15:42:46', '2020-08-16 15:42:46'),
(254, 15, 2, 5, 4, '2020-08-16 15:42:46', '2020-08-16 15:42:46'),
(255, 15, 2, 5, 5, '2020-08-16 15:42:46', '2020-08-16 15:42:46'),
(256, 13, 2, 5, 1, '2020-08-16 15:42:55', '2020-08-16 15:42:55'),
(257, 13, 2, 5, 2, '2020-08-16 15:42:55', '2020-08-16 15:42:55'),
(258, 13, 2, 5, 3, '2020-08-16 15:42:55', '2020-08-16 15:42:55'),
(259, 13, 2, 5, 4, '2020-08-16 15:42:55', '2020-08-16 15:42:55'),
(260, 13, 2, 5, 5, '2020-08-16 15:42:55', '2020-08-16 15:42:55'),
(261, 4, 2, 5, 1, '2020-08-16 15:43:04', '2020-08-16 15:43:04'),
(262, 4, 2, 5, 2, '2020-08-16 15:43:04', '2020-08-16 15:43:04'),
(263, 4, 2, 5, 3, '2020-08-16 15:43:04', '2020-08-16 15:43:04'),
(264, 4, 2, 5, 4, '2020-08-16 15:43:04', '2020-08-16 15:43:04'),
(265, 4, 2, 5, 5, '2020-08-16 15:43:04', '2020-08-16 15:43:04'),
(266, 16, 3, 5, 1, '2020-08-16 15:45:06', '2020-08-16 15:45:06'),
(267, 16, 3, 5, 2, '2020-08-16 15:45:06', '2020-08-16 15:45:06'),
(268, 16, 3, 5, 3, '2020-08-16 15:45:06', '2020-08-16 15:45:06'),
(269, 16, 3, 5, 4, '2020-08-16 15:45:06', '2020-08-16 15:45:06'),
(270, 16, 3, 5, 5, '2020-08-16 15:45:06', '2020-08-16 15:45:06'),
(271, 15, 2, 6, 1, '2020-08-16 15:47:59', '2020-08-16 15:47:59'),
(272, 15, 2, 6, 2, '2020-08-16 15:47:59', '2020-08-16 15:47:59'),
(273, 15, 2, 6, 3, '2020-08-16 15:47:59', '2020-08-16 15:47:59'),
(274, 15, 2, 6, 4, '2020-08-16 15:47:59', '2020-08-16 15:47:59'),
(275, 15, 2, 6, 5, '2020-08-16 15:47:59', '2020-08-16 15:47:59'),
(276, 13, 2, 6, 1, '2020-08-16 15:48:11', '2020-08-16 15:48:11'),
(277, 13, 2, 6, 2, '2020-08-16 15:48:11', '2020-08-16 15:48:11'),
(278, 13, 2, 6, 3, '2020-08-16 15:48:11', '2020-08-16 15:48:11'),
(279, 13, 2, 6, 4, '2020-08-16 15:48:11', '2020-08-16 15:48:11'),
(280, 13, 2, 6, 5, '2020-08-16 15:48:11', '2020-08-16 15:48:11'),
(281, 4, 2, 6, 1, '2020-08-16 15:48:25', '2020-08-16 15:48:25'),
(282, 4, 2, 6, 2, '2020-08-16 15:48:25', '2020-08-16 15:48:25'),
(283, 4, 2, 6, 3, '2020-08-16 15:48:25', '2020-08-16 15:48:25'),
(284, 4, 2, 6, 4, '2020-08-16 15:48:25', '2020-08-16 15:48:25'),
(285, 4, 2, 6, 5, '2020-08-16 15:48:25', '2020-08-16 15:48:25'),
(286, 16, 3, 6, 1, '2020-08-16 15:48:52', '2020-08-16 15:48:52'),
(287, 16, 3, 6, 2, '2020-08-16 15:48:52', '2020-08-16 15:48:52'),
(288, 16, 3, 6, 3, '2020-08-16 15:48:52', '2020-08-16 15:48:52'),
(289, 16, 3, 6, 4, '2020-08-16 15:48:52', '2020-08-16 15:48:52'),
(290, 16, 3, 6, 5, '2020-08-16 15:48:52', '2020-08-16 15:48:52'),
(291, 1, 1, 4, 1, '2020-08-29 22:29:07', '2020-08-29 22:29:07'),
(292, 1, 1, 4, 2, '2020-08-29 22:29:07', '2020-08-29 22:29:07'),
(293, 1, 1, 4, 3, '2020-08-29 22:29:07', '2020-08-29 22:29:07'),
(294, 1, 1, 4, 4, '2020-08-29 22:29:07', '2020-08-29 22:29:07'),
(295, 1, 1, 4, 5, '2020-08-29 22:29:07', '2020-08-29 22:29:07'),
(296, 1, 1, 3, 1, '2020-08-29 22:35:14', '2020-08-29 22:35:14'),
(297, 1, 1, 3, 2, '2020-08-29 22:35:14', '2020-08-29 22:35:14'),
(298, 1, 1, 3, 3, '2020-08-29 22:35:14', '2020-08-29 22:35:14'),
(299, 1, 1, 3, 4, '2020-08-29 22:35:14', '2020-08-29 22:35:14'),
(300, 1, 1, 3, 5, '2020-08-29 22:35:14', '2020-08-29 22:35:14');

-- --------------------------------------------------------

--
-- Table structure for table `categoria_erro`
--

DROP TABLE IF EXISTS `categoria_erro`;
CREATE TABLE IF NOT EXISTS `categoria_erro` (
  `id` bigint(20) UNSIGNED NOT NULL AUTO_INCREMENT,
  `categoria_id` bigint(20) UNSIGNED NOT NULL,
  `quantos` double DEFAULT NULL,
  `pont` double DEFAULT NULL,
  `erro_id` bigint(20) UNSIGNED NOT NULL,
  `dimensao_id` bigint(20) UNSIGNED NOT NULL,
  `sessao_id` bigint(20) UNSIGNED NOT NULL,
  `bairro_id` bigint(20) UNSIGNED NOT NULL,
  `created_at` timestamp NULL DEFAULT NULL,
  `updated_at` timestamp NULL DEFAULT NULL,
  PRIMARY KEY (`id`),
  KEY `categoria_erro_categoria_id_foreign` (`categoria_id`),
  KEY `categoria_erro_erro_id_foreign` (`erro_id`),
  KEY `categoria_erro_sessao_id_foreign` (`sessao_id`),
  KEY `categoria_erro_dimensao_id_foreign` (`dimensao_id`),
  KEY `categoria_erro_bairro_id_foreign` (`bairro_id`)
) ENGINE=MyISAM DEFAULT CHARSET=utf8mb4 COLLATE=utf8mb4_unicode_ci;

-- --------------------------------------------------------

--
-- Table structure for table `categoria_questao`
--

DROP TABLE IF EXISTS `categoria_questao`;
CREATE TABLE IF NOT EXISTS `categoria_questao` (
  `id` bigint(20) UNSIGNED NOT NULL AUTO_INCREMENT,
  `categoria_id` bigint(20) UNSIGNED NOT NULL,
  `quantos` double DEFAULT NULL,
  `pont` double DEFAULT NULL,
  `questao_id` bigint(20) UNSIGNED NOT NULL,
  `dimensao_id` bigint(20) UNSIGNED NOT NULL,
  `sessao_id` bigint(20) UNSIGNED NOT NULL,
  `bairro_id` bigint(20) UNSIGNED NOT NULL,
  `created_at` timestamp NULL DEFAULT NULL,
  `updated_at` timestamp NULL DEFAULT NULL,
  PRIMARY KEY (`id`),
  KEY `categoria_questao_categoria_id_foreign` (`categoria_id`),
  KEY `categoria_questao_questao_id_foreign` (`questao_id`),
  KEY `categoria_questao_sessao_id_foreign` (`sessao_id`),
  KEY `categoria_questao_dimensao_id_foreign` (`dimensao_id`),
  KEY `categoria_questao_bairro_id_foreign` (`bairro_id`)
) ENGINE=MyISAM AUTO_INCREMENT=1226 DEFAULT CHARSET=utf8mb4 COLLATE=utf8mb4_unicode_ci;

--
-- Dumping data for table `categoria_questao`
--

INSERT INTO `categoria_questao` (`id`, `categoria_id`, `quantos`, `pont`, `questao_id`, `dimensao_id`, `sessao_id`, `bairro_id`, `created_at`, `updated_at`) VALUES
(1, 1, 4, NULL, 1, 1, 1, 1, '2020-08-16 12:39:38', '2020-08-16 12:39:38'),
(2, 1, 4, NULL, 1, 1, 1, 2, '2020-08-16 12:39:38', '2020-08-16 13:00:36'),
(3, 1, 2, NULL, 1, 1, 1, 3, '2020-08-16 12:39:38', '2020-08-16 13:19:03'),
(4, 1, 2, NULL, 1, 1, 1, 4, '2020-08-16 12:39:38', '2020-08-16 13:28:36'),
(5, 1, 5, NULL, 1, 1, 1, 5, '2020-08-16 12:39:38', '2020-08-16 13:36:18'),
(6, 1, 4, NULL, 2, 1, 1, 1, '2020-08-16 12:39:59', '2020-08-16 13:01:15'),
(7, 1, 1, NULL, 2, 1, 1, 2, '2020-08-16 12:39:59', '2020-08-16 13:00:45'),
(8, 1, 1, NULL, 2, 1, 1, 3, '2020-08-16 12:39:59', '2020-08-16 13:19:13'),
(9, 1, 1, NULL, 2, 1, 1, 4, '2020-08-16 12:39:59', '2020-08-16 13:28:43'),
(10, 1, 4, NULL, 2, 1, 1, 5, '2020-08-16 12:39:59', '2020-08-16 13:36:37'),
(16, 1, 1, NULL, 4, 1, 1, 1, '2020-08-16 12:40:33', '2020-08-16 12:40:33'),
(17, 1, 2, NULL, 4, 1, 1, 2, '2020-08-16 12:40:33', '2020-08-16 13:01:48'),
(18, 1, 1, NULL, 4, 1, 1, 3, '2020-08-16 12:40:33', '2020-08-16 13:19:39'),
(19, 1, 1, NULL, 4, 1, 1, 4, '2020-08-16 12:40:33', '2020-08-16 13:29:10'),
(20, 1, 3, NULL, 4, 1, 1, 5, '2020-08-16 12:40:33', '2020-08-16 13:36:54'),
(21, 1, 1, NULL, 5, 1, 1, 1, '2020-08-16 12:40:50', '2020-08-16 12:40:50'),
(22, 1, 1, NULL, 5, 1, 1, 2, '2020-08-16 12:40:50', '2020-08-16 13:02:11'),
(23, 1, 3, NULL, 5, 1, 1, 3, '2020-08-16 12:40:50', '2020-08-16 13:19:47'),
(24, 1, 1, NULL, 5, 1, 1, 4, '2020-08-16 12:40:50', '2020-08-16 13:29:03'),
(25, 1, 4, NULL, 5, 1, 1, 5, '2020-08-16 12:40:50', '2020-08-16 13:37:01'),
(26, 1, 4, NULL, 6, 1, 1, 1, '2020-08-16 12:41:13', '2020-08-16 12:41:13'),
(27, 1, 4, NULL, 6, 1, 1, 2, '2020-08-16 12:41:13', '2020-08-16 13:02:19'),
(28, 1, 4, NULL, 6, 1, 1, 3, '2020-08-16 12:41:13', '2020-08-16 13:19:58'),
(29, 1, 2, NULL, 6, 1, 1, 4, '2020-08-16 12:41:13', '2020-08-16 13:28:50'),
(30, 1, 0, NULL, 6, 1, 1, 5, '2020-08-16 12:41:13', '2020-08-16 12:41:13'),
(31, 2, 4, NULL, 7, 1, 1, 1, '2020-08-16 12:41:30', '2020-08-16 12:41:30'),
(32, 2, 4, NULL, 7, 1, 1, 2, '2020-08-16 12:41:30', '2020-08-16 13:02:43'),
(33, 2, 4, NULL, 7, 1, 1, 3, '2020-08-16 12:41:30', '2020-08-16 13:20:10'),
(34, 2, 1, NULL, 7, 1, 1, 4, '2020-08-16 12:41:30', '2020-08-16 13:29:37'),
(35, 2, 4, NULL, 7, 1, 1, 5, '2020-08-16 12:41:30', '2020-08-16 13:37:33'),
(36, 2, 3, NULL, 8, 1, 1, 1, '2020-08-16 12:41:46', '2020-08-16 12:41:46'),
(37, 2, 3, NULL, 8, 1, 1, 2, '2020-08-16 12:41:46', '2020-08-16 13:02:52'),
(38, 2, 2, NULL, 8, 1, 1, 3, '2020-08-16 12:41:46', '2020-08-16 13:20:20'),
(39, 2, 2, NULL, 8, 1, 1, 4, '2020-08-16 12:41:46', '2020-08-16 13:29:44'),
(40, 2, 4, NULL, 8, 1, 1, 5, '2020-08-16 12:41:46', '2020-08-16 13:37:47'),
(41, 2, 3, NULL, 9, 1, 1, 1, '2020-08-16 12:42:05', '2020-08-16 12:42:05'),
(42, 2, 3, NULL, 9, 1, 1, 2, '2020-08-16 12:42:05', '2020-08-16 13:02:59'),
(43, 2, 2, NULL, 9, 1, 1, 3, '2020-08-16 12:42:05', '2020-08-16 13:20:28'),
(44, 2, 2, NULL, 9, 1, 1, 4, '2020-08-16 12:42:05', '2020-08-16 13:30:12'),
(45, 2, 4, NULL, 9, 1, 1, 5, '2020-08-16 12:42:05', '2020-08-16 13:37:39'),
(46, 2, 3, NULL, 10, 1, 1, 1, '2020-08-16 12:42:17', '2020-08-16 12:42:17'),
(47, 2, 4, NULL, 10, 1, 1, 2, '2020-08-16 12:42:17', '2020-08-16 13:03:08'),
(48, 2, 1, NULL, 10, 1, 1, 3, '2020-08-16 12:42:17', '2020-08-16 13:20:35'),
(49, 2, 2, NULL, 10, 1, 1, 4, '2020-08-16 12:42:17', '2020-08-16 13:30:19'),
(50, 2, 5, NULL, 10, 1, 1, 5, '2020-08-16 12:42:17', '2020-08-16 13:37:26'),
(51, 2, 4, NULL, 11, 1, 1, 1, '2020-08-16 12:42:33', '2020-08-16 12:42:33'),
(52, 2, 4, NULL, 11, 1, 1, 2, '2020-08-16 12:42:33', '2020-08-16 13:03:16'),
(53, 2, 3, NULL, 11, 1, 1, 3, '2020-08-16 12:42:33', '2020-08-16 13:20:46'),
(54, 2, 1, NULL, 11, 1, 1, 4, '2020-08-16 12:42:33', '2020-08-16 13:29:53'),
(55, 2, 4, NULL, 11, 1, 1, 5, '2020-08-16 12:42:33', '2020-08-16 13:37:55'),
(56, 2, 4, NULL, 12, 1, 1, 1, '2020-08-16 12:42:49', '2020-08-16 12:42:49'),
(57, 2, 2, NULL, 12, 1, 1, 2, '2020-08-16 12:42:49', '2020-08-16 13:03:28'),
(58, 2, 3, NULL, 12, 1, 1, 3, '2020-08-16 12:42:49', '2020-08-16 13:20:54'),
(59, 2, 1, NULL, 12, 1, 1, 4, '2020-08-16 12:42:49', '2020-08-16 13:30:05'),
(60, 2, 4, NULL, 12, 1, 1, 5, '2020-08-16 12:42:49', '2020-08-16 13:38:02'),
(61, 3, 4, NULL, 13, 1, 1, 1, '2020-08-16 12:43:06', '2020-08-16 12:43:06'),
(62, 3, 4, NULL, 13, 1, 1, 2, '2020-08-16 12:43:06', '2020-08-16 13:03:37'),
(63, 3, 2, NULL, 13, 1, 1, 3, '2020-08-16 12:43:06', '2020-08-16 13:21:02'),
(64, 3, 2, NULL, 13, 1, 1, 4, '2020-08-16 12:43:06', '2020-08-16 13:30:28'),
(65, 3, 5, NULL, 13, 1, 1, 5, '2020-08-16 12:43:06', '2020-08-16 13:38:17'),
(66, 3, 2, NULL, 14, 1, 1, 1, '2020-08-16 12:43:23', '2020-08-16 12:43:23'),
(67, 3, 4, NULL, 14, 1, 1, 2, '2020-08-16 12:43:23', '2020-08-16 13:03:44'),
(68, 3, 2, NULL, 14, 1, 1, 3, '2020-08-16 12:43:23', '2020-08-16 13:21:09'),
(69, 3, 1, NULL, 14, 1, 1, 4, '2020-08-16 12:43:23', '2020-08-16 13:30:35'),
(70, 3, 4, NULL, 14, 1, 1, 5, '2020-08-16 12:43:23', '2020-08-16 13:38:23'),
(71, 3, 3, NULL, 15, 1, 1, 1, '2020-08-16 12:43:45', '2020-08-16 12:43:45'),
(72, 3, 4, NULL, 15, 1, 1, 2, '2020-08-16 12:43:45', '2020-08-16 13:03:51'),
(73, 3, 3, NULL, 15, 1, 1, 3, '2020-08-16 12:43:45', '2020-08-16 13:21:16'),
(74, 3, 2, NULL, 15, 1, 1, 4, '2020-08-16 12:43:45', '2020-08-16 13:30:41'),
(75, 3, 4, NULL, 15, 1, 1, 5, '2020-08-16 12:43:45', '2020-08-16 13:38:30'),
(76, 4, 4, NULL, 16, 2, 1, 1, '2020-08-16 12:46:53', '2020-08-16 12:46:53'),
(77, 4, 7, NULL, 16, 2, 1, 2, '2020-08-16 12:46:53', '2020-08-16 13:04:39'),
(78, 4, 4, NULL, 16, 2, 1, 3, '2020-08-16 12:46:53', '2020-08-16 13:21:39'),
(79, 4, 4, NULL, 16, 2, 1, 4, '2020-08-16 12:46:53', '2020-08-16 13:31:07'),
(80, 4, 6, NULL, 16, 2, 1, 5, '2020-08-16 12:46:53', '2020-08-16 13:38:55'),
(81, 4, 1, NULL, 17, 2, 1, 1, '2020-08-16 12:47:10', '2020-08-16 12:47:10'),
(82, 4, 2, NULL, 17, 2, 1, 2, '2020-08-16 12:47:10', '2020-08-16 13:04:55'),
(83, 4, 4, NULL, 17, 2, 1, 3, '2020-08-16 12:47:10', '2020-08-16 13:21:49'),
(84, 4, 2, NULL, 17, 2, 1, 4, '2020-08-16 12:47:10', '2020-08-16 13:31:16'),
(85, 4, 2, NULL, 17, 2, 1, 5, '2020-08-16 12:47:10', '2020-08-16 13:39:04'),
(86, 4, 0, NULL, 18, 2, 1, 1, '2020-08-16 12:47:23', '2020-08-16 12:47:23'),
(87, 4, 1, NULL, 18, 2, 1, 2, '2020-08-16 12:47:23', '2020-08-16 13:05:25'),
(88, 4, 0, NULL, 18, 2, 1, 3, '2020-08-16 12:47:23', '2020-08-16 13:23:07'),
(89, 4, 1, NULL, 18, 2, 1, 4, '2020-08-16 12:47:23', '2020-08-16 13:31:25'),
(90, 4, 0, NULL, 18, 2, 1, 5, '2020-08-16 12:47:23', '2020-08-16 12:47:23'),
(91, 4, 0, NULL, 19, 2, 1, 1, '2020-08-16 12:47:40', '2020-08-16 12:47:40'),
(92, 4, 0, NULL, 19, 2, 1, 2, '2020-08-16 12:47:41', '2020-08-16 12:47:41'),
(93, 4, 1, NULL, 19, 2, 1, 3, '2020-08-16 12:47:41', '2020-08-16 13:23:19'),
(94, 4, 0, NULL, 19, 2, 1, 4, '2020-08-16 12:47:41', '2020-08-16 12:47:41'),
(95, 4, 3, NULL, 19, 2, 1, 5, '2020-08-16 12:47:41', '2020-08-16 13:39:13'),
(96, 4, 0, NULL, 20, 2, 1, 1, '2020-08-16 12:47:58', '2020-08-16 12:47:58'),
(97, 4, 0, NULL, 20, 2, 1, 2, '2020-08-16 12:47:58', '2020-08-16 12:47:58'),
(98, 4, 0, NULL, 20, 2, 1, 3, '2020-08-16 12:47:58', '2020-08-16 12:47:58'),
(99, 4, 0, NULL, 20, 2, 1, 4, '2020-08-16 12:47:58', '2020-08-16 12:47:58'),
(100, 4, 0, NULL, 20, 2, 1, 5, '2020-08-16 12:47:58', '2020-08-16 12:47:58'),
(101, 4, 0, NULL, 21, 2, 1, 1, '2020-08-16 12:49:12', '2020-08-16 12:49:12'),
(102, 4, 1, NULL, 21, 2, 1, 2, '2020-08-16 12:49:12', '2020-08-16 13:05:39'),
(103, 4, 0, NULL, 21, 2, 1, 3, '2020-08-16 12:49:12', '2020-08-16 12:49:12'),
(104, 4, 0, NULL, 21, 2, 1, 4, '2020-08-16 12:49:12', '2020-08-16 12:49:12'),
(105, 4, 0, NULL, 21, 2, 1, 5, '2020-08-16 12:49:12', '2020-08-16 12:49:12'),
(106, 5, 1, NULL, 22, 2, 1, 1, '2020-08-16 12:49:36', '2020-08-16 12:49:36'),
(107, 5, 1, NULL, 22, 2, 1, 2, '2020-08-16 12:49:36', '2020-08-16 13:05:56'),
(108, 5, 0, NULL, 22, 2, 1, 3, '2020-08-16 12:49:36', '2020-08-16 12:49:36'),
(109, 5, 0, NULL, 22, 2, 1, 4, '2020-08-16 12:49:36', '2020-08-16 12:49:36'),
(110, 5, 0, NULL, 22, 2, 1, 5, '2020-08-16 12:49:36', '2020-08-16 12:49:36'),
(111, 5, 2, NULL, 23, 2, 1, 1, '2020-08-16 12:49:54', '2020-08-16 12:49:54'),
(112, 5, 1, NULL, 23, 2, 1, 2, '2020-08-16 12:49:54', '2020-08-16 13:06:05'),
(113, 5, 0, NULL, 23, 2, 1, 3, '2020-08-16 12:49:54', '2020-08-16 12:49:54'),
(114, 5, 2, NULL, 23, 2, 1, 4, '2020-08-16 12:49:54', '2020-08-16 13:31:57'),
(115, 5, 0, NULL, 23, 2, 1, 5, '2020-08-16 12:49:54', '2020-08-16 12:49:54'),
(116, 5, 0, NULL, 24, 2, 1, 1, '2020-08-16 12:50:10', '2020-08-16 12:50:10'),
(117, 5, 0, NULL, 24, 2, 1, 2, '2020-08-16 12:50:10', '2020-08-16 12:50:10'),
(118, 5, 0, NULL, 24, 2, 1, 3, '2020-08-16 12:50:10', '2020-08-16 12:50:10'),
(119, 5, 0, NULL, 24, 2, 1, 4, '2020-08-16 12:50:10', '2020-08-16 12:50:10'),
(120, 5, 0, NULL, 24, 2, 1, 5, '2020-08-16 12:50:10', '2020-08-16 12:50:10'),
(121, 5, 0, NULL, 25, 2, 1, 1, '2020-08-16 12:50:23', '2020-08-16 12:50:23'),
(122, 5, 1, NULL, 25, 2, 1, 2, '2020-08-16 12:50:23', '2020-08-16 13:06:15'),
(123, 5, 1, NULL, 25, 2, 1, 3, '2020-08-16 12:50:23', '2020-08-16 13:23:54'),
(124, 5, 0, NULL, 25, 2, 1, 4, '2020-08-16 12:50:23', '2020-08-16 12:50:23'),
(125, 5, 0, NULL, 25, 2, 1, 5, '2020-08-16 12:50:23', '2020-08-16 12:50:23'),
(126, 5, 2, NULL, 26, 2, 1, 1, '2020-08-16 12:50:45', '2020-08-16 12:50:45'),
(127, 5, 0, NULL, 26, 2, 1, 2, '2020-08-16 12:50:45', '2020-08-16 12:50:45'),
(128, 5, 4, NULL, 26, 2, 1, 3, '2020-08-16 12:50:45', '2020-08-16 13:24:03'),
(129, 5, 1, NULL, 26, 2, 1, 4, '2020-08-16 12:50:45', '2020-08-16 13:32:08'),
(130, 5, 1, NULL, 26, 2, 1, 5, '2020-08-16 12:50:45', '2020-08-16 13:39:56'),
(131, 5, 0, NULL, 27, 2, 1, 1, '2020-08-16 12:51:08', '2020-08-16 12:51:08'),
(132, 5, 1, NULL, 27, 2, 1, 2, '2020-08-16 12:51:08', '2020-08-16 13:06:31'),
(133, 5, 1, NULL, 27, 2, 1, 3, '2020-08-16 12:51:08', '2020-08-16 13:24:12'),
(134, 5, 0, NULL, 27, 2, 1, 4, '2020-08-16 12:51:08', '2020-08-16 12:51:08'),
(135, 5, 0, NULL, 27, 2, 1, 5, '2020-08-16 12:51:08', '2020-08-16 12:51:08'),
(136, 6, 3, NULL, 28, 2, 1, 1, '2020-08-16 12:51:30', '2020-08-16 12:51:30'),
(137, 6, 3, NULL, 28, 2, 1, 2, '2020-08-16 12:51:30', '2020-08-16 13:06:54'),
(138, 6, 2, NULL, 28, 2, 1, 3, '2020-08-16 12:51:30', '2020-08-16 13:24:33'),
(139, 6, 3, NULL, 28, 2, 1, 4, '2020-08-16 12:51:30', '2020-08-16 13:32:27'),
(140, 6, 2, NULL, 28, 2, 1, 5, '2020-08-16 12:51:30', '2020-08-16 13:40:18'),
(141, 6, 0, NULL, 29, 2, 1, 1, '2020-08-16 12:51:45', '2020-08-16 12:51:45'),
(142, 6, 0, NULL, 29, 2, 1, 2, '2020-08-16 12:51:45', '2020-08-16 12:51:45'),
(143, 6, 3, NULL, 29, 2, 1, 3, '2020-08-16 12:51:45', '2020-08-16 13:24:42'),
(144, 6, 0, NULL, 29, 2, 1, 4, '2020-08-16 12:51:45', '2020-08-16 12:51:45'),
(145, 6, 2, NULL, 29, 2, 1, 5, '2020-08-16 12:51:45', '2020-08-16 13:40:43'),
(146, 6, 0, NULL, 30, 2, 1, 1, '2020-08-16 12:52:06', '2020-08-16 12:52:06'),
(147, 6, 4, NULL, 30, 2, 1, 2, '2020-08-16 12:52:06', '2020-08-16 13:07:03'),
(148, 6, 1, NULL, 30, 2, 1, 3, '2020-08-16 12:52:06', '2020-08-16 13:24:51'),
(149, 6, 4, NULL, 30, 2, 1, 4, '2020-08-16 12:52:06', '2020-08-16 13:32:36'),
(150, 6, 1, NULL, 30, 2, 1, 5, '2020-08-16 12:52:06', '2020-08-16 13:40:52'),
(151, 6, 2, NULL, 31, 2, 1, 1, '2020-08-16 12:52:29', '2020-08-16 12:52:29'),
(152, 6, 5, NULL, 31, 2, 1, 2, '2020-08-16 12:52:29', '2020-08-16 13:08:12'),
(153, 6, 0, NULL, 31, 2, 1, 3, '2020-08-16 12:52:29', '2020-08-16 12:52:29'),
(154, 6, 0, NULL, 31, 2, 1, 4, '2020-08-16 12:52:29', '2020-08-16 12:52:29'),
(155, 6, 0, NULL, 31, 2, 1, 5, '2020-08-16 12:52:29', '2020-08-16 12:52:29'),
(156, 6, 2, NULL, 32, 2, 1, 1, '2020-08-16 12:52:47', '2020-08-16 12:52:47'),
(157, 6, NULL, NULL, 32, 2, 1, 2, '2020-08-16 12:52:47', '2020-08-16 13:08:21'),
(158, 6, 0, NULL, 32, 2, 1, 3, '2020-08-16 12:52:47', '2020-08-16 12:52:47'),
(159, 6, 1, NULL, 32, 2, 1, 4, '2020-08-16 12:52:47', '2020-08-16 13:33:07'),
(160, 6, 1, NULL, 32, 2, 1, 5, '2020-08-16 12:52:47', '2020-08-16 13:41:01'),
(161, 6, 2, NULL, 33, 2, 1, 1, '2020-08-16 12:53:01', '2020-08-16 12:53:01'),
(162, 6, 3, NULL, 33, 2, 1, 2, '2020-08-16 12:53:01', '2020-08-16 13:07:51'),
(163, 6, 1, NULL, 33, 2, 1, 3, '2020-08-16 12:53:01', '2020-08-16 13:25:11'),
(164, 6, 1, NULL, 33, 2, 1, 4, '2020-08-16 12:53:01', '2020-08-16 13:33:16'),
(165, 6, 0, NULL, 33, 2, 1, 5, '2020-08-16 12:53:01', '2020-08-16 12:53:01'),
(166, 7, 0, NULL, 34, 2, 1, 1, '2020-08-16 12:53:21', '2020-08-16 12:53:21'),
(167, 7, 0, NULL, 34, 2, 1, 2, '2020-08-16 12:53:21', '2020-08-16 12:53:21'),
(168, 7, 1, NULL, 34, 2, 1, 3, '2020-08-16 12:53:21', '2020-08-16 13:25:31'),
(169, 7, 0, NULL, 34, 2, 1, 4, '2020-08-16 12:53:21', '2020-08-16 12:53:21'),
(170, 7, 0, NULL, 34, 2, 1, 5, '2020-08-16 12:53:21', '2020-08-16 12:53:21'),
(171, 7, 0, NULL, 35, 2, 1, 1, '2020-08-16 12:53:44', '2020-08-16 12:53:44'),
(172, 7, 0, NULL, 35, 2, 1, 2, '2020-08-16 12:53:44', '2020-08-16 12:53:44'),
(173, 7, 0, NULL, 35, 2, 1, 3, '2020-08-16 12:53:44', '2020-08-16 12:53:44'),
(174, 7, 0, NULL, 35, 2, 1, 4, '2020-08-16 12:53:44', '2020-08-16 12:53:44'),
(175, 7, 0, NULL, 35, 2, 1, 5, '2020-08-16 12:53:44', '2020-08-16 12:53:44'),
(176, 8, 4, NULL, 36, 2, 1, 1, '2020-08-16 12:54:01', '2020-08-16 12:54:01'),
(177, 8, 0, NULL, 36, 2, 1, 2, '2020-08-16 12:54:01', '2020-08-16 12:54:01'),
(178, 8, 2, NULL, 36, 2, 1, 3, '2020-08-16 12:54:01', '2020-08-16 13:25:46'),
(179, 8, 2, NULL, 36, 2, 1, 4, '2020-08-16 12:54:01', '2020-08-16 13:34:24'),
(180, 8, 3, NULL, 36, 2, 1, 5, '2020-08-16 12:54:01', '2020-08-16 13:41:32'),
(181, 8, 0, NULL, 37, 2, 1, 1, '2020-08-16 12:54:17', '2020-08-16 12:54:17'),
(182, 8, 0, NULL, 37, 2, 1, 2, '2020-08-16 12:54:17', '2020-08-16 12:54:17'),
(183, 8, 0, NULL, 37, 2, 1, 3, '2020-08-16 12:54:17', '2020-08-16 12:54:17'),
(184, 8, 0, NULL, 37, 2, 1, 4, '2020-08-16 12:54:17', '2020-08-16 12:54:17'),
(185, 8, 0, NULL, 37, 2, 1, 5, '2020-08-16 12:54:17', '2020-08-16 12:54:17'),
(186, 8, 0, NULL, 38, 2, 1, 1, '2020-08-16 12:54:39', '2020-08-16 12:54:39'),
(187, 8, 0, NULL, 38, 2, 1, 2, '2020-08-16 12:54:39', '2020-08-16 12:54:39'),
(188, 8, 1, NULL, 38, 2, 1, 3, '2020-08-16 12:54:39', '2020-08-16 13:25:54'),
(189, 8, 1, NULL, 38, 2, 1, 4, '2020-08-16 12:54:39', '2020-08-16 13:34:34'),
(190, 8, 0, NULL, 38, 2, 1, 5, '2020-08-16 12:54:39', '2020-08-16 12:54:39'),
(191, 9, 2, NULL, 39, 2, 1, 1, '2020-08-16 12:55:01', '2020-08-16 12:55:01'),
(192, 9, 2, NULL, 39, 2, 1, 2, '2020-08-16 12:55:01', '2020-08-16 13:08:54'),
(193, 9, 3, NULL, 39, 2, 1, 3, '2020-08-16 12:55:01', '2020-08-16 13:26:07'),
(194, 9, 0, NULL, 39, 2, 1, 4, '2020-08-16 12:55:01', '2020-08-16 12:55:01'),
(195, 9, 2, NULL, 39, 2, 1, 5, '2020-08-16 12:55:01', '2020-08-16 13:41:40'),
(196, 9, 0, NULL, 40, 2, 1, 1, '2020-08-16 12:55:16', '2020-08-16 12:55:16'),
(197, 9, 0, NULL, 40, 2, 1, 2, '2020-08-16 12:55:16', '2020-08-16 12:55:16'),
(198, 9, 0, NULL, 40, 2, 1, 3, '2020-08-16 12:55:16', '2020-08-16 12:55:16'),
(199, 9, 0, NULL, 40, 2, 1, 4, '2020-08-16 12:55:16', '2020-08-16 12:55:16'),
(200, 9, 0, NULL, 40, 2, 1, 5, '2020-08-16 12:55:16', '2020-08-16 12:55:16'),
(201, 9, 0, NULL, 41, 2, 1, 1, '2020-08-16 12:55:38', '2020-08-16 12:55:38'),
(202, 9, 0, NULL, 41, 2, 1, 2, '2020-08-16 12:55:38', '2020-08-16 12:55:38'),
(203, 9, 2, NULL, 41, 2, 1, 3, '2020-08-16 12:55:38', '2020-08-16 13:26:15'),
(204, 9, 0, NULL, 41, 2, 1, 4, '2020-08-16 12:55:38', '2020-08-16 12:55:38'),
(205, 9, 0, NULL, 41, 2, 1, 5, '2020-08-16 12:55:38', '2020-08-16 12:55:38'),
(206, 9, 0, NULL, 42, 2, 1, 1, '2020-08-16 12:55:54', '2020-08-16 12:55:54'),
(207, 9, 0, NULL, 42, 2, 1, 2, '2020-08-16 12:55:54', '2020-08-16 12:55:54'),
(208, 9, 0, NULL, 42, 2, 1, 3, '2020-08-16 12:55:54', '2020-08-16 12:55:54'),
(209, 9, 0, NULL, 42, 2, 1, 4, '2020-08-16 12:55:54', '2020-08-16 12:55:54'),
(210, 9, 0, NULL, 42, 2, 1, 5, '2020-08-16 12:55:54', '2020-08-16 12:55:54'),
(211, 9, 0, NULL, 43, 2, 1, 1, '2020-08-16 12:56:11', '2020-08-16 12:56:11'),
(212, 9, 0, NULL, 43, 2, 1, 2, '2020-08-16 12:56:11', '2020-08-16 12:56:11'),
(213, 9, 1, NULL, 43, 2, 1, 3, '2020-08-16 12:56:11', '2020-08-16 13:26:58'),
(214, 9, 0, NULL, 43, 2, 1, 4, '2020-08-16 12:56:11', '2020-08-16 12:56:11'),
(215, 9, 0, NULL, 43, 2, 1, 5, '2020-08-16 12:56:11', '2020-08-16 12:56:11'),
(216, 9, 0, NULL, 44, 2, 1, 1, '2020-08-16 12:56:28', '2020-08-16 12:56:28'),
(217, 9, 0, NULL, 44, 2, 1, 2, '2020-08-16 12:56:28', '2020-08-16 12:56:28'),
(218, 9, 0, NULL, 44, 2, 1, 3, '2020-08-16 12:56:28', '2020-08-16 12:56:28'),
(219, 9, 0, NULL, 44, 2, 1, 4, '2020-08-16 12:56:28', '2020-08-16 12:56:28'),
(220, 9, 0, NULL, 44, 2, 1, 5, '2020-08-16 12:56:28', '2020-08-16 12:56:28'),
(221, 10, 0, NULL, 45, 3, 1, 1, '2020-08-16 12:57:26', '2020-08-16 12:57:26'),
(222, 10, 0, NULL, 45, 3, 1, 2, '2020-08-16 12:57:26', '2020-08-16 12:57:26'),
(223, 10, 0, NULL, 45, 3, 1, 3, '2020-08-16 12:57:26', '2020-08-16 12:57:26'),
(224, 10, 0, NULL, 45, 3, 1, 4, '2020-08-16 12:57:26', '2020-08-16 12:57:26'),
(225, 10, 0, NULL, 45, 3, 1, 5, '2020-08-16 12:57:26', '2020-08-16 12:57:26'),
(226, 10, 0, NULL, 46, 3, 1, 1, '2020-08-16 12:57:42', '2020-08-16 12:57:42'),
(227, 10, 0, NULL, 46, 3, 1, 2, '2020-08-16 12:57:42', '2020-08-16 12:57:42'),
(228, 10, 0, NULL, 46, 3, 1, 3, '2020-08-16 12:57:42', '2020-08-16 12:57:42'),
(229, 10, 0, NULL, 46, 3, 1, 4, '2020-08-16 12:57:42', '2020-08-16 12:57:42'),
(230, 10, 0, NULL, 46, 3, 1, 5, '2020-08-16 12:57:42', '2020-08-16 12:57:42'),
(231, 10, 0, NULL, 47, 3, 1, 1, '2020-08-16 12:57:59', '2020-08-16 12:57:59'),
(232, 10, 0, NULL, 47, 3, 1, 2, '2020-08-16 12:57:59', '2020-08-16 12:57:59'),
(233, 10, 0, NULL, 47, 3, 1, 3, '2020-08-16 12:57:59', '2020-08-16 12:57:59'),
(234, 10, 0, NULL, 47, 3, 1, 4, '2020-08-16 12:57:59', '2020-08-16 12:57:59'),
(235, 10, 0, NULL, 47, 3, 1, 5, '2020-08-16 12:57:59', '2020-08-16 12:57:59'),
(236, 10, 0, NULL, 48, 3, 1, 1, '2020-08-16 12:58:17', '2020-08-16 12:58:17'),
(237, 10, 0, NULL, 48, 3, 1, 2, '2020-08-16 12:58:17', '2020-08-16 12:58:17'),
(238, 10, 0, NULL, 48, 3, 1, 3, '2020-08-16 12:58:17', '2020-08-16 12:58:17'),
(239, 10, 2, NULL, 48, 3, 1, 4, '2020-08-16 12:58:17', '2020-08-16 13:35:19'),
(240, 10, 3, NULL, 48, 3, 1, 5, '2020-08-16 12:58:17', '2020-08-16 13:42:00'),
(241, 10, 5, NULL, 49, 3, 1, 1, '2020-08-16 12:58:39', '2020-08-16 12:58:39'),
(242, 10, 10, NULL, 49, 3, 1, 2, '2020-08-16 12:58:39', '2020-08-16 13:09:18'),
(243, 10, 4, NULL, 49, 3, 1, 3, '2020-08-16 12:58:39', '2020-08-16 13:27:21'),
(244, 10, 3, NULL, 49, 3, 1, 4, '2020-08-16 12:58:39', '2020-08-16 13:35:04'),
(245, 10, 3, NULL, 49, 3, 1, 5, '2020-08-16 12:58:39', '2020-08-16 13:42:10'),
(246, 10, 0, NULL, 50, 3, 1, 1, '2020-08-16 12:59:04', '2020-08-16 12:59:04'),
(247, 10, 0, NULL, 50, 3, 1, 2, '2020-08-16 12:59:04', '2020-08-16 12:59:04'),
(248, 10, 5, NULL, 50, 3, 1, 3, '2020-08-16 12:59:04', '2020-08-16 13:27:31'),
(249, 10, 0, NULL, 50, 3, 1, 4, '2020-08-16 12:59:04', '2020-08-16 12:59:04'),
(250, 10, 0, NULL, 50, 3, 1, 5, '2020-08-16 12:59:04', '2020-08-16 12:59:04'),
(251, 4, 0, NULL, 51, 2, 1, 1, '2020-08-16 13:22:46', '2020-08-16 13:22:46'),
(252, 4, 0, NULL, 51, 2, 1, 2, '2020-08-16 13:22:46', '2020-08-16 13:22:46'),
(253, 4, 4, NULL, 51, 2, 1, 3, '2020-08-16 13:22:46', '2020-08-16 13:22:46'),
(254, 4, 0, NULL, 51, 2, 1, 4, '2020-08-16 13:22:46', '2020-08-16 13:22:46'),
(255, 4, 6, NULL, 51, 2, 1, 5, '2020-08-16 13:22:46', '2020-08-16 13:39:31'),
(256, 6, 0, NULL, 52, 2, 1, 1, '2020-08-16 13:33:49', '2020-08-16 13:33:49'),
(257, 6, 0, NULL, 52, 2, 1, 2, '2020-08-16 13:33:49', '2020-08-16 13:33:49'),
(258, 6, 0, NULL, 52, 2, 1, 3, '2020-08-16 13:33:49', '2020-08-16 13:33:49'),
(259, 6, 0, NULL, 52, 2, 1, 4, '2020-08-16 13:33:49', '2020-08-16 13:33:49'),
(260, 6, 0, NULL, 52, 2, 1, 5, '2020-08-16 13:33:49', '2020-08-16 13:33:49'),
(270, 10, 0, NULL, 45, 3, 2, 5, '2020-08-16 12:57:26', '2020-08-16 12:57:26'),
(269, 10, 0, NULL, 45, 3, 2, 4, '2020-08-16 12:57:26', '2020-08-16 12:57:26'),
(268, 10, 0, NULL, 45, 3, 2, 3, '2020-08-16 12:57:26', '2020-08-16 12:57:26'),
(267, 10, 0, NULL, 45, 3, 2, 2, '2020-08-16 12:57:26', '2020-08-16 12:57:26'),
(266, 10, 0, NULL, 45, 3, 2, 1, '2020-08-16 12:57:26', '2020-08-16 12:57:26'),
(271, 10, 0, NULL, 46, 3, 2, 1, '2020-08-16 12:57:42', '2020-08-16 12:57:42'),
(272, 10, 0, NULL, 46, 3, 2, 2, '2020-08-16 12:57:42', '2020-08-16 12:57:42'),
(273, 10, 0, NULL, 46, 3, 2, 3, '2020-08-16 12:57:42', '2020-08-16 12:57:42'),
(274, 10, 0, NULL, 46, 3, 2, 4, '2020-08-16 12:57:42', '2020-08-16 12:57:42'),
(275, 10, 0, NULL, 46, 3, 2, 5, '2020-08-16 12:57:42', '2020-08-16 12:57:42'),
(276, 10, 0, NULL, 47, 3, 2, 1, '2020-08-16 12:57:59', '2020-08-16 12:57:59'),
(277, 10, 0, NULL, 47, 3, 2, 2, '2020-08-16 12:57:59', '2020-08-16 12:57:59'),
(278, 10, 0, NULL, 47, 3, 2, 3, '2020-08-16 12:57:59', '2020-08-16 12:57:59'),
(279, 10, 0, NULL, 47, 3, 2, 4, '2020-08-16 12:57:59', '2020-08-16 12:57:59'),
(280, 10, 0, NULL, 47, 3, 2, 5, '2020-08-16 12:57:59', '2020-08-16 12:57:59'),
(281, 10, 0, NULL, 48, 3, 2, 1, '2020-08-16 12:58:17', '2020-08-16 12:58:17'),
(282, 10, 0, NULL, 48, 3, 2, 2, '2020-08-16 12:58:17', '2020-08-16 12:58:17'),
(283, 10, 2, NULL, 48, 3, 2, 3, '2020-08-16 12:58:17', '2020-08-16 18:44:50'),
(284, 10, 0, NULL, 48, 3, 2, 4, '2020-08-16 12:58:17', '2020-08-16 13:35:19'),
(285, 10, 0, NULL, 48, 3, 2, 5, '2020-08-16 12:58:17', '2020-08-16 13:42:00'),
(286, 10, 0, NULL, 49, 3, 2, 1, '2020-08-16 12:58:39', '2020-08-16 12:58:39'),
(287, 10, 0, NULL, 49, 3, 2, 2, '2020-08-16 12:58:39', '2020-08-16 13:09:18'),
(288, 10, 2, NULL, 49, 3, 2, 3, '2020-08-16 12:58:39', '2020-08-16 18:45:03'),
(289, 10, 13, NULL, 49, 3, 2, 4, '2020-08-16 12:58:39', '2020-08-16 18:50:50'),
(290, 10, 0, NULL, 49, 3, 2, 5, '2020-08-16 12:58:39', '2020-08-16 13:42:10'),
(291, 10, 0, NULL, 50, 3, 2, 1, '2020-08-16 12:59:04', '2020-08-16 12:59:04'),
(292, 10, 0, NULL, 50, 3, 2, 2, '2020-08-16 12:59:04', '2020-08-16 12:59:04'),
(293, 10, 0, NULL, 50, 3, 2, 3, '2020-08-16 12:59:04', '2020-08-16 13:27:31'),
(294, 10, 13, NULL, 50, 3, 2, 4, '2020-08-16 12:59:04', '2020-08-16 18:51:03'),
(295, 10, 0, NULL, 50, 3, 2, 5, '2020-08-16 12:59:04', '2020-08-16 12:59:04'),
(296, 10, 0, NULL, 45, 3, 3, 1, '2020-08-16 12:57:26', '2020-08-16 12:57:26'),
(297, 10, 0, NULL, 45, 3, 3, 2, '2020-08-16 12:57:26', '2020-08-16 12:57:26'),
(298, 10, 0, NULL, 45, 3, 3, 3, '2020-08-16 12:57:26', '2020-08-16 12:57:26'),
(299, 10, 0, NULL, 45, 3, 3, 4, '2020-08-16 12:57:26', '2020-08-16 12:57:26'),
(300, 10, 0, NULL, 45, 3, 3, 5, '2020-08-16 12:57:26', '2020-08-16 12:57:26'),
(301, 10, 0, NULL, 46, 3, 3, 1, '2020-08-16 12:57:42', '2020-08-16 12:57:42'),
(302, 10, 0, NULL, 46, 3, 3, 2, '2020-08-16 12:57:42', '2020-08-16 12:57:42'),
(303, 10, 0, NULL, 46, 3, 3, 3, '2020-08-16 12:57:42', '2020-08-16 12:57:42'),
(304, 10, 0, NULL, 46, 3, 3, 4, '2020-08-16 12:57:42', '2020-08-16 12:57:42'),
(305, 10, 0, NULL, 46, 3, 3, 5, '2020-08-16 12:57:42', '2020-08-16 12:57:42'),
(306, 10, 0, NULL, 47, 3, 3, 1, '2020-08-16 12:57:59', '2020-08-16 12:57:59'),
(307, 10, 0, NULL, 47, 3, 3, 2, '2020-08-16 12:57:59', '2020-08-16 12:57:59'),
(308, 10, 0, NULL, 47, 3, 3, 3, '2020-08-16 12:57:59', '2020-08-16 12:57:59'),
(309, 10, 0, NULL, 47, 3, 3, 4, '2020-08-16 12:57:59', '2020-08-16 12:57:59'),
(310, 10, 0, NULL, 47, 3, 3, 5, '2020-08-16 12:57:59', '2020-08-16 12:57:59'),
(311, 10, 0, NULL, 48, 3, 3, 1, '2020-08-16 12:58:17', '2020-08-16 12:58:17'),
(312, 10, 0, NULL, 48, 3, 3, 2, '2020-08-16 12:58:17', '2020-08-16 12:58:17'),
(313, 10, 0, NULL, 48, 3, 3, 3, '2020-08-16 12:58:17', '2020-08-16 12:58:17'),
(314, 10, 0, NULL, 48, 3, 3, 4, '2020-08-16 12:58:17', '2020-08-16 13:35:19'),
(315, 10, 0, NULL, 48, 3, 3, 5, '2020-08-16 12:58:17', '2020-08-16 13:42:00'),
(316, 10, 0, NULL, 49, 3, 3, 1, '2020-08-16 12:58:39', '2020-08-16 12:58:39'),
(317, 10, 0, NULL, 49, 3, 3, 2, '2020-08-16 12:58:39', '2020-08-16 13:09:18'),
(318, 10, 0, NULL, 49, 3, 3, 3, '2020-08-16 12:58:39', '2020-08-16 13:27:21'),
(319, 10, 0, NULL, 49, 3, 3, 4, '2020-08-16 12:58:39', '2020-08-16 13:35:04'),
(320, 10, 0, NULL, 49, 3, 3, 5, '2020-08-16 12:58:39', '2020-08-16 13:42:10'),
(321, 10, 0, NULL, 50, 3, 3, 1, '2020-08-16 12:59:04', '2020-08-16 12:59:04'),
(322, 10, 0, NULL, 50, 3, 3, 2, '2020-08-16 12:59:04', '2020-08-16 12:59:04'),
(323, 10, 0, NULL, 50, 3, 3, 3, '2020-08-16 12:59:04', '2020-08-16 13:27:31'),
(324, 10, 0, NULL, 50, 3, 3, 4, '2020-08-16 12:59:04', '2020-08-16 12:59:04'),
(325, 10, 0, NULL, 50, 3, 3, 5, '2020-08-16 12:59:04', '2020-08-16 12:59:04'),
(326, 10, 0, NULL, 45, 3, 4, 1, '2020-08-16 12:57:26', '2020-08-16 12:57:26'),
(327, 10, 0, NULL, 45, 3, 4, 2, '2020-08-16 12:57:26', '2020-08-16 12:57:26'),
(328, 10, 0, NULL, 45, 3, 4, 3, '2020-08-16 12:57:26', '2020-08-16 12:57:26'),
(329, 10, 0, NULL, 45, 3, 4, 4, '2020-08-16 12:57:26', '2020-08-16 12:57:26'),
(330, 10, 0, NULL, 45, 3, 4, 5, '2020-08-16 12:57:26', '2020-08-16 12:57:26'),
(331, 10, 0, NULL, 46, 3, 4, 1, '2020-08-16 12:57:42', '2020-08-16 12:57:42'),
(332, 10, 0, NULL, 46, 3, 4, 2, '2020-08-16 12:57:42', '2020-08-16 12:57:42'),
(333, 10, 0, NULL, 46, 3, 4, 3, '2020-08-16 12:57:42', '2020-08-16 12:57:42'),
(334, 10, 0, NULL, 46, 3, 4, 4, '2020-08-16 12:57:42', '2020-08-16 12:57:42'),
(335, 10, 0, NULL, 46, 3, 4, 5, '2020-08-16 12:57:42', '2020-08-16 12:57:42'),
(336, 10, 0, NULL, 47, 3, 4, 1, '2020-08-16 12:57:59', '2020-08-16 12:57:59'),
(337, 10, 0, NULL, 47, 3, 4, 2, '2020-08-16 12:57:59', '2020-08-16 12:57:59'),
(338, 10, 0, NULL, 47, 3, 4, 3, '2020-08-16 12:57:59', '2020-08-16 12:57:59'),
(339, 10, 2, NULL, 47, 3, 4, 4, '2020-08-16 12:57:59', '2020-08-16 18:33:18'),
(340, 10, 0, NULL, 47, 3, 4, 5, '2020-08-16 12:57:59', '2020-08-16 12:57:59'),
(341, 10, 0, NULL, 48, 3, 4, 1, '2020-08-16 12:58:17', '2020-08-16 12:58:17'),
(342, 10, 0, NULL, 48, 3, 4, 2, '2020-08-16 12:58:17', '2020-08-16 12:58:17'),
(343, 10, 0, NULL, 48, 3, 4, 3, '2020-08-16 12:58:17', '2020-08-16 12:58:17'),
(344, 10, 2, NULL, 48, 3, 4, 4, '2020-08-16 12:58:17', '2020-08-16 18:33:27'),
(345, 10, 0, NULL, 48, 3, 4, 5, '2020-08-16 12:58:17', '2020-08-16 13:42:00'),
(346, 10, 0, NULL, 49, 3, 4, 1, '2020-08-16 12:58:39', '2020-08-16 12:58:39'),
(347, 10, 0, NULL, 49, 3, 4, 2, '2020-08-16 12:58:39', '2020-08-16 13:09:18'),
(348, 10, 0, NULL, 49, 3, 4, 3, '2020-08-16 12:58:39', '2020-08-16 13:27:21'),
(349, 10, 4, NULL, 49, 3, 4, 4, '2020-08-16 12:58:39', '2020-08-16 18:33:38'),
(350, 10, 4, NULL, 49, 3, 4, 5, '2020-08-16 12:58:39', '2020-08-16 18:24:00'),
(351, 10, 0, NULL, 50, 3, 4, 1, '2020-08-16 12:59:04', '2020-08-16 12:59:04'),
(352, 10, 0, NULL, 50, 3, 4, 2, '2020-08-16 12:59:04', '2020-08-16 12:59:04'),
(353, 10, 0, NULL, 50, 3, 4, 3, '2020-08-16 12:59:04', '2020-08-16 13:27:31'),
(354, 10, 8, NULL, 50, 3, 4, 4, '2020-08-16 12:59:04', '2020-08-16 18:33:50'),
(355, 10, 4, NULL, 50, 3, 4, 5, '2020-08-16 12:59:04', '2020-08-16 18:23:50'),
(356, 10, 0, NULL, 45, 3, 5, 1, '2020-08-16 12:57:26', '2020-08-16 12:57:26'),
(357, 10, 0, NULL, 45, 3, 5, 2, '2020-08-16 12:57:26', '2020-08-16 12:57:26'),
(358, 10, 0, NULL, 45, 3, 5, 3, '2020-08-16 12:57:26', '2020-08-16 12:57:26'),
(359, 10, 0, NULL, 45, 3, 5, 4, '2020-08-16 12:57:26', '2020-08-16 12:57:26'),
(360, 10, 0, NULL, 45, 3, 5, 5, '2020-08-16 12:57:26', '2020-08-16 12:57:26'),
(361, 10, 0, NULL, 46, 3, 5, 1, '2020-08-16 12:57:42', '2020-08-16 12:57:42'),
(362, 10, 0, NULL, 46, 3, 5, 2, '2020-08-16 12:57:42', '2020-08-16 12:57:42'),
(363, 10, 0, NULL, 46, 3, 5, 3, '2020-08-16 12:57:42', '2020-08-16 12:57:42'),
(364, 10, 0, NULL, 46, 3, 5, 4, '2020-08-16 12:57:42', '2020-08-16 12:57:42'),
(365, 10, 0, NULL, 46, 3, 5, 5, '2020-08-16 12:57:42', '2020-08-16 12:57:42'),
(366, 10, 0, NULL, 47, 3, 5, 1, '2020-08-16 12:57:59', '2020-08-16 12:57:59'),
(367, 10, 0, NULL, 47, 3, 5, 2, '2020-08-16 12:57:59', '2020-08-16 12:57:59'),
(368, 10, 0, NULL, 47, 3, 5, 3, '2020-08-16 12:57:59', '2020-08-16 12:57:59'),
(369, 10, 0, NULL, 47, 3, 5, 4, '2020-08-16 12:57:59', '2020-08-16 12:57:59'),
(370, 10, 0, NULL, 47, 3, 5, 5, '2020-08-16 12:57:59', '2020-08-16 12:57:59'),
(371, 10, 0, NULL, 48, 3, 5, 1, '2020-08-16 12:58:17', '2020-08-16 12:58:17'),
(372, 10, 0, NULL, 48, 3, 5, 2, '2020-08-16 12:58:17', '2020-08-16 12:58:17'),
(373, 10, 0, NULL, 48, 3, 5, 3, '2020-08-16 12:58:17', '2020-08-16 12:58:17'),
(374, 10, 0, NULL, 48, 3, 5, 4, '2020-08-16 12:58:17', '2020-08-16 13:35:19'),
(375, 10, 0, NULL, 48, 3, 5, 5, '2020-08-16 12:58:17', '2020-08-16 13:42:00'),
(376, 10, 0, NULL, 49, 3, 5, 1, '2020-08-16 12:58:39', '2020-08-16 12:58:39'),
(377, 10, 0, NULL, 49, 3, 5, 2, '2020-08-16 12:58:39', '2020-08-16 13:09:18'),
(378, 10, 0, NULL, 49, 3, 5, 3, '2020-08-16 12:58:39', '2020-08-16 13:27:21'),
(379, 10, 0, NULL, 49, 3, 5, 4, '2020-08-16 12:58:39', '2020-08-16 13:35:04'),
(380, 10, 0, NULL, 49, 3, 5, 5, '2020-08-16 12:58:39', '2020-08-16 13:42:10'),
(381, 10, 0, NULL, 50, 3, 5, 1, '2020-08-16 12:59:04', '2020-08-16 12:59:04'),
(382, 10, 0, NULL, 50, 3, 5, 2, '2020-08-16 12:59:04', '2020-08-16 12:59:04'),
(383, 10, 0, NULL, 50, 3, 5, 3, '2020-08-16 12:59:04', '2020-08-16 13:27:31'),
(384, 10, 0, NULL, 50, 3, 5, 4, '2020-08-16 12:59:04', '2020-08-16 12:59:04'),
(385, 10, 0, NULL, 50, 3, 5, 5, '2020-08-16 12:59:04', '2020-08-16 12:59:04'),
(386, 10, 0, NULL, 45, 3, 6, 1, '2020-08-16 12:57:26', '2020-08-16 12:57:26'),
(387, 10, 0, NULL, 45, 3, 6, 2, '2020-08-16 12:57:26', '2020-08-16 12:57:26'),
(388, 10, 0, NULL, 45, 3, 6, 3, '2020-08-16 12:57:26', '2020-08-16 12:57:26'),
(389, 10, 0, NULL, 45, 3, 6, 4, '2020-08-16 12:57:26', '2020-08-16 12:57:26'),
(390, 10, 0, NULL, 45, 3, 6, 5, '2020-08-16 12:57:26', '2020-08-16 12:57:26'),
(391, 10, 0, NULL, 46, 3, 6, 1, '2020-08-16 12:57:42', '2020-08-16 12:57:42'),
(392, 10, 0, NULL, 46, 3, 6, 2, '2020-08-16 12:57:42', '2020-08-16 12:57:42'),
(393, 10, 0, NULL, 46, 3, 6, 3, '2020-08-16 12:57:42', '2020-08-16 12:57:42'),
(394, 10, 0, NULL, 46, 3, 6, 4, '2020-08-16 12:57:42', '2020-08-16 12:57:42'),
(395, 10, 0, NULL, 46, 3, 6, 5, '2020-08-16 12:57:42', '2020-08-16 12:57:42'),
(396, 10, 0, NULL, 47, 3, 6, 1, '2020-08-16 12:57:59', '2020-08-16 12:57:59'),
(397, 10, 0, NULL, 47, 3, 6, 2, '2020-08-16 12:57:59', '2020-08-16 12:57:59'),
(398, 10, 0, NULL, 47, 3, 6, 3, '2020-08-16 12:57:59', '2020-08-16 12:57:59'),
(399, 10, 0, NULL, 47, 3, 6, 4, '2020-08-16 12:57:59', '2020-08-16 12:57:59'),
(400, 10, 0, NULL, 47, 3, 6, 5, '2020-08-16 12:57:59', '2020-08-16 12:57:59'),
(401, 10, 0, NULL, 48, 3, 6, 1, '2020-08-16 12:58:17', '2020-08-16 12:58:17'),
(402, 10, 0, NULL, 48, 3, 6, 2, '2020-08-16 12:58:17', '2020-08-16 12:58:17'),
(403, 10, 0, NULL, 48, 3, 6, 3, '2020-08-16 12:58:17', '2020-08-16 12:58:17'),
(404, 10, 0, NULL, 48, 3, 6, 4, '2020-08-16 12:58:17', '2020-08-16 13:35:19'),
(405, 10, 0, NULL, 48, 3, 6, 5, '2020-08-16 12:58:17', '2020-08-16 13:42:00'),
(406, 10, 0, NULL, 49, 3, 6, 1, '2020-08-16 12:58:39', '2020-08-16 12:58:39'),
(407, 10, 0, NULL, 49, 3, 6, 2, '2020-08-16 12:58:39', '2020-08-16 13:09:18'),
(408, 10, 0, NULL, 49, 3, 6, 3, '2020-08-16 12:58:39', '2020-08-16 13:27:21'),
(409, 10, 0, NULL, 49, 3, 6, 4, '2020-08-16 12:58:39', '2020-08-16 13:35:04'),
(410, 10, 0, NULL, 49, 3, 6, 5, '2020-08-16 12:58:39', '2020-08-16 13:42:10'),
(411, 10, 0, NULL, 50, 3, 6, 1, '2020-08-16 12:59:04', '2020-08-16 12:59:04'),
(412, 10, 0, NULL, 50, 3, 6, 2, '2020-08-16 12:59:04', '2020-08-16 12:59:04'),
(413, 10, 0, NULL, 50, 3, 6, 3, '2020-08-16 12:59:04', '2020-08-16 13:27:31'),
(414, 10, 0, NULL, 50, 3, 6, 4, '2020-08-16 12:59:04', '2020-08-16 12:59:04'),
(415, 10, 0, NULL, 50, 3, 6, 5, '2020-08-16 12:59:04', '2020-08-16 12:59:04'),
(416, 16, 0, NULL, 54, 3, 5, 1, '2020-08-16 15:45:34', '2020-08-16 15:45:34'),
(417, 16, 0, NULL, 54, 3, 5, 2, '2020-08-16 15:45:34', '2020-08-16 15:45:34'),
(418, 16, 0, NULL, 54, 3, 5, 3, '2020-08-16 15:45:34', '2020-08-16 15:45:34'),
(419, 16, 0, NULL, 54, 3, 5, 4, '2020-08-16 15:45:34', '2020-08-16 15:45:34'),
(420, 16, 0, NULL, 54, 3, 5, 5, '2020-08-16 15:45:34', '2020-08-16 15:45:34'),
(421, 16, 0, NULL, 55, 3, 5, 1, '2020-08-16 15:46:00', '2020-08-16 15:46:00'),
(422, 16, 0, NULL, 55, 3, 5, 2, '2020-08-16 15:46:00', '2020-08-16 15:46:00'),
(423, 16, 0, NULL, 55, 3, 5, 3, '2020-08-16 15:46:00', '2020-08-16 15:46:00'),
(424, 16, 0, NULL, 55, 3, 5, 4, '2020-08-16 15:46:00', '2020-08-16 15:46:00'),
(425, 16, 0, NULL, 55, 3, 5, 5, '2020-08-16 15:46:00', '2020-08-16 15:46:00'),
(426, 16, 0, NULL, 56, 3, 5, 1, '2020-08-16 15:46:15', '2020-08-16 15:46:15'),
(427, 16, 0, NULL, 56, 3, 5, 2, '2020-08-16 15:46:15', '2020-08-16 15:46:15'),
(428, 16, 0, NULL, 56, 3, 5, 3, '2020-08-16 15:46:15', '2020-08-16 15:46:15'),
(429, 16, 0, NULL, 56, 3, 5, 4, '2020-08-16 15:46:15', '2020-08-16 15:46:15'),
(430, 16, 0, NULL, 56, 3, 5, 5, '2020-08-16 15:46:15', '2020-08-16 15:46:15'),
(431, 16, 0, NULL, 57, 3, 6, 1, '2020-08-16 15:49:06', '2020-08-16 15:49:06'),
(432, 16, 0, NULL, 57, 3, 6, 2, '2020-08-16 15:49:06', '2020-08-16 15:49:06'),
(433, 16, 0, NULL, 57, 3, 6, 3, '2020-08-16 15:49:06', '2020-08-16 15:49:06'),
(434, 16, 0, NULL, 57, 3, 6, 4, '2020-08-16 15:49:06', '2020-08-16 15:49:06'),
(435, 16, 0, NULL, 57, 3, 6, 5, '2020-08-16 15:49:06', '2020-08-16 15:49:06'),
(436, 16, 0, NULL, 58, 3, 6, 1, '2020-08-16 15:49:14', '2020-08-16 15:49:14'),
(437, 16, 0, NULL, 58, 3, 6, 2, '2020-08-16 15:49:14', '2020-08-16 15:49:14'),
(438, 16, 0, NULL, 58, 3, 6, 3, '2020-08-16 15:49:14', '2020-08-16 15:49:14'),
(439, 16, 0, NULL, 58, 3, 6, 4, '2020-08-16 15:49:14', '2020-08-16 15:49:14'),
(440, 16, 0, NULL, 58, 3, 6, 5, '2020-08-16 15:49:14', '2020-08-16 15:49:14'),
(441, 16, 0, NULL, 59, 3, 6, 1, '2020-08-16 15:49:26', '2020-08-16 15:49:26'),
(442, 16, 0, NULL, 59, 3, 6, 2, '2020-08-16 15:49:26', '2020-08-16 15:49:26'),
(443, 16, 0, NULL, 59, 3, 6, 3, '2020-08-16 15:49:26', '2020-08-16 15:49:26'),
(444, 16, 0, NULL, 59, 3, 6, 4, '2020-08-16 15:49:26', '2020-08-16 15:49:26'),
(445, 16, 0, NULL, 59, 3, 6, 5, '2020-08-16 15:49:26', '2020-08-16 15:49:26'),
(446, 1, 0, NULL, 1, 1, 2, 1, '2020-08-16 12:39:38', '2020-08-16 12:39:38'),
(447, 1, 3, NULL, 1, 1, 2, 2, '2020-08-16 12:39:38', '2020-08-16 18:58:12'),
(448, 1, 5, NULL, 1, 1, 2, 3, '2020-08-16 12:39:38', '2020-08-16 18:38:24'),
(449, 1, 3, NULL, 1, 1, 2, 4, '2020-08-16 12:39:38', '2020-08-16 18:48:34'),
(450, 1, 0, NULL, 1, 1, 2, 5, '2020-08-16 12:39:38', '2020-08-16 13:36:18'),
(451, 1, 0, NULL, 2, 1, 2, 1, '2020-08-16 12:39:59', '2020-08-16 13:01:15'),
(452, 1, 3, NULL, 2, 1, 2, 2, '2020-08-16 12:39:59', '2020-08-16 18:58:20'),
(453, 1, 4, NULL, 2, 1, 2, 3, '2020-08-16 12:39:59', '2020-08-16 18:38:41'),
(454, 1, 0, NULL, 2, 1, 2, 4, '2020-08-16 12:39:59', '2020-08-16 13:28:43'),
(455, 1, 0, NULL, 2, 1, 2, 5, '2020-08-16 12:39:59', '2020-08-16 13:36:37'),
(461, 1, 0, NULL, 4, 1, 2, 1, '2020-08-16 12:40:33', '2020-08-16 12:40:33'),
(462, 1, 2, NULL, 4, 1, 2, 2, '2020-08-16 12:40:33', '2020-08-16 18:58:29'),
(463, 1, 1, NULL, 4, 1, 2, 3, '2020-08-16 12:40:33', '2020-08-16 18:39:03'),
(464, 1, 2, NULL, 4, 1, 2, 4, '2020-08-16 12:40:33', '2020-08-16 18:48:46'),
(465, 1, 0, NULL, 4, 1, 2, 5, '2020-08-16 12:40:33', '2020-08-16 13:36:54'),
(466, 1, 0, NULL, 5, 1, 2, 1, '2020-08-16 12:40:50', '2020-08-16 12:40:50'),
(467, 1, 0, NULL, 5, 1, 2, 2, '2020-08-16 12:40:50', '2020-08-16 13:02:11'),
(468, 1, 5, NULL, 5, 1, 2, 3, '2020-08-16 12:40:50', '2020-08-16 18:39:16'),
(469, 1, 0, NULL, 5, 1, 2, 4, '2020-08-16 12:40:50', '2020-08-16 13:29:03'),
(470, 1, 0, NULL, 5, 1, 2, 5, '2020-08-16 12:40:50', '2020-08-16 13:37:01'),
(471, 1, 0, NULL, 6, 1, 2, 1, '2020-08-16 12:41:13', '2020-08-16 12:41:13'),
(472, 1, 4, NULL, 6, 1, 2, 2, '2020-08-16 12:41:13', '2020-08-16 18:58:02'),
(473, 1, 4, NULL, 6, 1, 2, 3, '2020-08-16 12:41:13', '2020-08-16 18:39:24'),
(474, 1, 3, NULL, 6, 1, 2, 4, '2020-08-16 12:41:13', '2020-08-16 18:48:55'),
(475, 1, 0, NULL, 6, 1, 2, 5, '2020-08-16 12:41:13', '2020-08-16 12:41:13'),
(476, 2, 0, NULL, 7, 1, 2, 1, '2020-08-16 12:41:30', '2020-08-16 12:41:30'),
(477, 2, 4, NULL, 7, 1, 2, 2, '2020-08-16 12:41:30', '2020-08-16 18:59:12'),
(478, 2, 4, NULL, 7, 1, 2, 3, '2020-08-16 12:41:30', '2020-08-16 18:39:32'),
(479, 2, 2, NULL, 7, 1, 2, 4, '2020-08-16 12:41:30', '2020-08-16 18:49:07'),
(480, 2, 0, NULL, 7, 1, 2, 5, '2020-08-16 12:41:30', '2020-08-16 13:37:33'),
(481, 2, 0, NULL, 8, 1, 2, 1, '2020-08-16 12:41:46', '2020-08-16 12:41:46'),
(482, 2, 3, NULL, 8, 1, 2, 2, '2020-08-16 12:41:46', '2020-08-16 18:58:47'),
(483, 2, 3, NULL, 8, 1, 2, 3, '2020-08-16 12:41:46', '2020-08-16 18:39:43'),
(484, 2, 3, NULL, 8, 1, 2, 4, '2020-08-16 12:41:46', '2020-08-16 18:49:14'),
(485, 2, 0, NULL, 8, 1, 2, 5, '2020-08-16 12:41:46', '2020-08-16 13:37:47'),
(486, 2, 0, NULL, 9, 1, 2, 1, '2020-08-16 12:42:05', '2020-08-16 12:42:05'),
(487, 2, 0, NULL, 9, 1, 2, 2, '2020-08-16 12:42:05', '2020-08-16 13:02:59'),
(488, 2, 3, NULL, 9, 1, 2, 3, '2020-08-16 12:42:05', '2020-08-16 18:39:51'),
(489, 2, 3, NULL, 9, 1, 2, 4, '2020-08-16 12:42:05', '2020-08-16 18:49:25'),
(490, 2, 0, NULL, 9, 1, 2, 5, '2020-08-16 12:42:05', '2020-08-16 13:37:39'),
(491, 2, 0, NULL, 10, 1, 2, 1, '2020-08-16 12:42:17', '2020-08-16 12:42:17'),
(492, 2, 0, NULL, 10, 1, 2, 2, '2020-08-16 12:42:17', '2020-08-16 13:03:08'),
(493, 2, 4, NULL, 10, 1, 2, 3, '2020-08-16 12:42:17', '2020-08-16 18:40:00'),
(494, 2, 3, NULL, 10, 1, 2, 4, '2020-08-16 12:42:17', '2020-08-16 18:49:33'),
(495, 2, 0, NULL, 10, 1, 2, 5, '2020-08-16 12:42:17', '2020-08-16 13:37:26'),
(496, 2, 0, NULL, 11, 1, 2, 1, '2020-08-16 12:42:33', '2020-08-16 12:42:33'),
(497, 2, 3, NULL, 11, 1, 2, 2, '2020-08-16 12:42:33', '2020-08-16 18:58:55'),
(498, 2, 3, NULL, 11, 1, 2, 3, '2020-08-16 12:42:33', '2020-08-16 18:40:09'),
(499, 2, 1, NULL, 11, 1, 2, 4, '2020-08-16 12:42:33', '2020-08-16 18:49:42'),
(500, 2, 0, NULL, 11, 1, 2, 5, '2020-08-16 12:42:33', '2020-08-16 13:37:55'),
(501, 2, 0, NULL, 12, 1, 2, 1, '2020-08-16 12:42:49', '2020-08-16 12:42:49'),
(502, 2, 4, NULL, 12, 1, 2, 2, '2020-08-16 12:42:49', '2020-08-16 18:59:22'),
(503, 2, 4, NULL, 12, 1, 2, 3, '2020-08-16 12:42:49', '2020-08-16 18:40:17'),
(504, 2, 2, NULL, 12, 1, 2, 4, '2020-08-16 12:42:49', '2020-08-16 18:50:04'),
(505, 2, 0, NULL, 12, 1, 2, 5, '2020-08-16 12:42:49', '2020-08-16 13:38:02'),
(506, 3, NULL, NULL, 13, 1, 2, 1, '2020-08-16 12:43:06', '2020-08-16 18:46:42'),
(507, 3, 0, NULL, 13, 1, 1, 2, '2020-08-16 12:43:06', '2020-08-16 13:03:37'),
(508, 3, 1, NULL, 13, 1, 2, 3, '2020-08-16 12:43:06', '2020-08-16 18:47:22'),
(509, 3, 4, NULL, 13, 1, 2, 4, '2020-08-16 12:43:06', '2020-08-16 18:50:12'),
(510, 3, 0, NULL, 13, 1, 2, 5, '2020-08-16 12:43:06', '2020-08-16 13:38:17'),
(511, 3, NULL, NULL, 14, 1, 2, 1, '2020-08-16 12:43:23', '2020-08-16 18:46:49'),
(512, 3, 3, NULL, 14, 1, 2, 2, '2020-08-16 12:43:23', '2020-08-16 18:57:39'),
(513, 3, 2, NULL, 14, 1, 2, 3, '2020-08-16 12:43:23', '2020-08-16 18:47:05'),
(514, 3, 4, NULL, 14, 1, 2, 4, '2020-08-16 12:43:23', '2020-08-16 18:50:20'),
(515, 3, 0, NULL, 14, 1, 2, 5, '2020-08-16 12:43:23', '2020-08-16 13:38:23'),
(516, 3, NULL, NULL, 15, 1, 2, 1, '2020-08-16 12:43:45', '2020-08-16 18:46:55'),
(517, 3, 2, NULL, 15, 1, 2, 2, '2020-08-16 12:43:45', '2020-08-16 18:57:48'),
(518, 3, 3, NULL, 15, 1, 2, 3, '2020-08-16 12:43:45', '2020-08-16 18:47:13'),
(519, 3, 4, NULL, 15, 1, 2, 4, '2020-08-16 12:43:45', '2020-08-16 18:50:34'),
(520, 3, 0, NULL, 15, 1, 2, 5, '2020-08-16 12:43:45', '2020-08-16 13:38:30'),
(521, 1, 0, NULL, 1, 1, 3, 1, '2020-08-16 12:39:38', '2020-08-16 12:39:38'),
(522, 1, 0, NULL, 1, 1, 3, 2, '2020-08-16 12:39:38', '2020-08-16 13:00:36'),
(523, 1, 0, NULL, 1, 1, 3, 3, '2020-08-16 12:39:38', '2020-08-16 13:19:03'),
(524, 1, 3, NULL, 1, 1, 3, 4, '2020-08-16 12:39:38', '2020-08-16 18:36:32'),
(525, 1, 0, NULL, 1, 1, 3, 5, '2020-08-16 12:39:38', '2020-08-16 13:36:18'),
(526, 1, 0, NULL, 2, 1, 3, 1, '2020-08-16 12:39:59', '2020-08-16 13:01:15'),
(527, 1, 0, NULL, 2, 1, 3, 2, '2020-08-16 12:39:59', '2020-08-16 13:00:45'),
(528, 1, 0, NULL, 2, 1, 3, 3, '2020-08-16 12:39:59', '2020-08-16 13:19:13'),
(529, 1, 1, NULL, 2, 1, 3, 4, '2020-08-16 12:39:59', '2020-08-16 18:36:42'),
(530, 1, 0, NULL, 2, 1, 3, 5, '2020-08-16 12:39:59', '2020-08-16 13:36:37'),
(536, 1, 0, NULL, 4, 1, 3, 1, '2020-08-16 12:40:33', '2020-08-16 12:40:33'),
(537, 1, 0, NULL, 4, 1, 3, 2, '2020-08-16 12:40:33', '2020-08-16 13:01:48'),
(538, 1, 0, NULL, 4, 1, 3, 3, '2020-08-16 12:40:33', '2020-08-16 13:19:39'),
(539, 1, 0, NULL, 4, 1, 3, 4, '2020-08-16 12:40:33', '2020-08-16 13:29:10'),
(540, 1, 0, NULL, 4, 1, 3, 5, '2020-08-16 12:40:33', '2020-08-16 13:36:54'),
(541, 1, 0, NULL, 5, 1, 3, 1, '2020-08-16 12:40:50', '2020-08-16 12:40:50'),
(542, 1, 0, NULL, 5, 1, 3, 2, '2020-08-16 12:40:50', '2020-08-16 13:02:11'),
(543, 1, 0, NULL, 5, 1, 3, 3, '2020-08-16 12:40:50', '2020-08-16 13:19:47'),
(544, 1, 0, NULL, 5, 1, 3, 4, '2020-08-16 12:40:50', '2020-08-16 13:29:03'),
(545, 1, 0, NULL, 5, 1, 3, 5, '2020-08-16 12:40:50', '2020-08-16 13:37:01'),
(546, 1, 0, NULL, 6, 1, 3, 1, '2020-08-16 12:41:13', '2020-08-16 12:41:13'),
(547, 1, 0, NULL, 6, 1, 3, 2, '2020-08-16 12:41:13', '2020-08-16 13:02:19'),
(548, 1, 0, NULL, 6, 1, 3, 3, '2020-08-16 12:41:13', '2020-08-16 13:19:58'),
(549, 1, 2, NULL, 6, 1, 3, 4, '2020-08-16 12:41:13', '2020-08-16 18:36:54'),
(550, 1, 0, NULL, 6, 1, 3, 5, '2020-08-16 12:41:13', '2020-08-16 12:41:13'),
(551, 2, 0, NULL, 7, 1, 3, 1, '2020-08-16 12:41:30', '2020-08-16 12:41:30'),
(552, 2, 0, NULL, 7, 1, 3, 2, '2020-08-16 12:41:30', '2020-08-16 13:02:43'),
(553, 2, 0, NULL, 7, 1, 3, 3, '2020-08-16 12:41:30', '2020-08-16 13:20:10'),
(554, 2, 0, NULL, 7, 1, 3, 4, '2020-08-16 12:41:30', '2020-08-16 13:29:37'),
(555, 2, 0, NULL, 7, 1, 3, 5, '2020-08-16 12:41:30', '2020-08-16 13:37:33'),
(556, 2, 0, NULL, 8, 1, 3, 1, '2020-08-16 12:41:46', '2020-08-16 12:41:46'),
(557, 2, 0, NULL, 8, 1, 3, 2, '2020-08-16 12:41:46', '2020-08-16 13:02:52'),
(558, 2, 0, NULL, 8, 1, 3, 3, '2020-08-16 12:41:46', '2020-08-16 13:20:20'),
(559, 2, 0, NULL, 8, 1, 3, 4, '2020-08-16 12:41:46', '2020-08-16 13:29:44'),
(560, 2, 0, NULL, 8, 1, 3, 5, '2020-08-16 12:41:46', '2020-08-16 13:37:47'),
(561, 2, 0, NULL, 9, 1, 3, 1, '2020-08-16 12:42:05', '2020-08-16 12:42:05'),
(562, 2, 0, NULL, 9, 1, 3, 2, '2020-08-16 12:42:05', '2020-08-16 13:02:59'),
(563, 2, 0, NULL, 9, 1, 3, 3, '2020-08-16 12:42:05', '2020-08-16 13:20:28'),
(564, 2, 0, NULL, 9, 1, 3, 4, '2020-08-16 12:42:05', '2020-08-16 13:30:12'),
(565, 2, 0, NULL, 9, 1, 3, 5, '2020-08-16 12:42:05', '2020-08-16 13:37:39'),
(566, 2, 0, NULL, 10, 1, 3, 1, '2020-08-16 12:42:17', '2020-08-16 12:42:17'),
(567, 2, 0, NULL, 10, 1, 3, 2, '2020-08-16 12:42:17', '2020-08-16 13:03:08'),
(568, 2, 0, NULL, 10, 1, 3, 3, '2020-08-16 12:42:17', '2020-08-16 13:20:35'),
(569, 2, 2, NULL, 10, 1, 3, 4, '2020-08-16 12:42:17', '2020-08-16 18:37:04'),
(570, 2, 0, NULL, 10, 1, 3, 5, '2020-08-16 12:42:17', '2020-08-16 13:37:26'),
(571, 2, 0, NULL, 11, 1, 3, 1, '2020-08-16 12:42:33', '2020-08-16 12:42:33'),
(572, 2, 0, NULL, 11, 1, 3, 2, '2020-08-16 12:42:33', '2020-08-16 13:03:16'),
(573, 2, 0, NULL, 11, 1, 3, 3, '2020-08-16 12:42:33', '2020-08-16 13:20:46'),
(574, 2, 3, NULL, 11, 1, 3, 4, '2020-08-16 12:42:33', '2020-08-16 18:37:15'),
(575, 2, 0, NULL, 11, 1, 3, 5, '2020-08-16 12:42:33', '2020-08-16 13:37:55'),
(576, 2, 0, NULL, 12, 1, 3, 1, '2020-08-16 12:42:49', '2020-08-16 12:42:49'),
(577, 2, 0, NULL, 12, 1, 3, 2, '2020-08-16 12:42:49', '2020-08-16 13:03:28'),
(578, 2, 0, NULL, 12, 1, 3, 3, '2020-08-16 12:42:49', '2020-08-16 13:20:54'),
(579, 2, 0, NULL, 12, 1, 3, 4, '2020-08-16 12:42:49', '2020-08-16 13:30:05'),
(580, 2, 0, NULL, 12, 1, 3, 5, '2020-08-16 12:42:49', '2020-08-16 13:38:02'),
(581, 3, 0, NULL, 13, 1, 3, 1, '2020-08-16 12:43:06', '2020-08-16 12:43:06'),
(582, 3, 0, NULL, 13, 1, 3, 2, '2020-08-16 12:43:06', '2020-08-16 13:03:37'),
(583, 3, 0, NULL, 13, 1, 3, 3, '2020-08-16 12:43:06', '2020-08-16 13:21:02'),
(584, 3, 3, NULL, 13, 1, 3, 4, '2020-08-16 12:43:06', '2020-08-16 18:37:25'),
(585, 3, 0, NULL, 13, 1, 3, 5, '2020-08-16 12:43:06', '2020-08-16 13:38:17'),
(586, 3, 0, NULL, 14, 1, 3, 1, '2020-08-16 12:43:23', '2020-08-16 12:43:23'),
(587, 3, 0, NULL, 14, 1, 3, 2, '2020-08-16 12:43:23', '2020-08-16 13:03:44'),
(588, 3, 0, NULL, 14, 1, 3, 3, '2020-08-16 12:43:23', '2020-08-16 13:21:09'),
(589, 3, 3, NULL, 14, 1, 3, 4, '2020-08-16 12:43:23', '2020-08-16 18:37:32'),
(590, 3, 0, NULL, 14, 1, 3, 5, '2020-08-16 12:43:23', '2020-08-16 13:38:23'),
(591, 3, 0, NULL, 15, 1, 3, 1, '2020-08-16 12:43:45', '2020-08-16 12:43:45'),
(592, 3, 0, NULL, 15, 1, 3, 2, '2020-08-16 12:43:45', '2020-08-16 13:03:51'),
(593, 3, 0, NULL, 15, 1, 3, 3, '2020-08-16 12:43:45', '2020-08-16 13:21:16'),
(594, 3, 2, NULL, 15, 1, 3, 4, '2020-08-16 12:43:45', '2020-08-16 18:37:41'),
(595, 3, 0, NULL, 15, 1, 3, 5, '2020-08-16 12:43:45', '2020-08-16 13:38:30'),
(596, 1, 0, NULL, 1, 1, 4, 1, '2020-08-16 12:39:38', '2020-08-16 17:32:36'),
(597, 1, 4, NULL, 1, 1, 4, 2, '2020-08-16 12:39:38', '2020-08-16 17:32:44'),
(598, 1, 0, NULL, 1, 1, 4, 3, '2020-08-16 12:39:38', '2020-08-16 13:19:03'),
(599, 1, 3, NULL, 1, 1, 4, 4, '2020-08-16 12:39:38', '2020-08-16 18:24:55'),
(600, 1, 3, NULL, 1, 1, 4, 5, '2020-08-16 12:39:38', '2020-08-16 18:17:52'),
(601, 1, 0, NULL, 2, 1, 4, 1, '2020-08-16 12:39:59', '2020-08-16 13:01:15'),
(602, 1, 4, NULL, 2, 1, 4, 2, '2020-08-16 12:39:59', '2020-08-16 17:32:51'),
(603, 1, 0, NULL, 2, 1, 4, 3, '2020-08-16 12:39:59', '2020-08-16 13:19:13'),
(604, 1, 2, NULL, 2, 1, 4, 4, '2020-08-16 12:39:59', '2020-08-16 18:25:03'),
(605, 1, 2, NULL, 2, 1, 4, 5, '2020-08-16 12:39:59', '2020-08-16 18:18:03'),
(611, 1, 0, NULL, 4, 1, 4, 1, '2020-08-16 12:40:33', '2020-08-16 12:40:33'),
(612, 1, 0, NULL, 4, 1, 4, 2, '2020-08-16 12:40:33', '2020-08-16 13:01:48'),
(613, 1, 0, NULL, 4, 1, 4, 3, '2020-08-16 12:40:33', '2020-08-16 13:19:39'),
(614, 1, 2, NULL, 4, 1, 4, 4, '2020-08-16 12:40:33', '2020-08-16 18:25:29'),
(615, 1, 2, NULL, 4, 1, 4, 5, '2020-08-16 12:40:33', '2020-08-16 18:18:30'),
(616, 1, 0, NULL, 5, 1, 4, 1, '2020-08-16 12:40:50', '2020-08-16 12:40:50'),
(617, 1, 5, NULL, 5, 1, 4, 2, '2020-08-16 12:40:50', '2020-08-16 17:33:10'),
(618, 1, 0, NULL, 5, 1, 4, 3, '2020-08-16 12:40:50', '2020-08-16 13:19:47'),
(619, 1, 0, NULL, 5, 1, 4, 4, '2020-08-16 12:40:50', '2020-08-16 13:29:03'),
(620, 1, 0, NULL, 5, 1, 4, 5, '2020-08-16 12:40:50', '2020-08-16 13:37:01'),
(621, 1, 0, NULL, 6, 1, 4, 1, '2020-08-16 12:41:13', '2020-08-16 12:41:13'),
(622, 1, 4, NULL, 6, 1, 4, 2, '2020-08-16 12:41:13', '2020-08-16 17:33:17'),
(623, 1, 0, NULL, 6, 1, 4, 3, '2020-08-16 12:41:13', '2020-08-16 13:19:58'),
(624, 1, 3, NULL, 6, 1, 4, 4, '2020-08-16 12:41:13', '2020-08-16 18:25:52'),
(625, 1, 5, NULL, 6, 1, 4, 5, '2020-08-16 12:41:13', '2020-08-16 18:18:21'),
(626, 2, 0, NULL, 7, 1, 4, 1, '2020-08-16 12:41:30', '2020-08-16 12:41:30'),
(627, 2, 0, NULL, 7, 1, 4, 2, '2020-08-16 12:41:30', '2020-08-16 13:02:43'),
(628, 2, 0, NULL, 7, 1, 4, 3, '2020-08-16 12:41:30', '2020-08-16 13:20:10'),
(629, 2, 0, NULL, 7, 1, 4, 4, '2020-08-16 12:41:30', '2020-08-16 13:29:37'),
(630, 2, 3, NULL, 7, 1, 4, 5, '2020-08-16 12:41:30', '2020-08-16 18:18:41'),
(631, 2, 0, NULL, 8, 1, 4, 1, '2020-08-16 12:41:46', '2020-08-16 12:41:46'),
(632, 2, 3, NULL, 8, 1, 4, 2, '2020-08-16 12:41:46', '2020-08-16 17:33:37'),
(633, 2, 0, NULL, 8, 1, 4, 3, '2020-08-16 12:41:46', '2020-08-16 13:20:20'),
(634, 2, 3, NULL, 8, 1, 4, 4, '2020-08-16 12:41:46', '2020-08-16 18:26:14'),
(635, 2, 4, NULL, 8, 1, 4, 5, '2020-08-16 12:41:46', '2020-08-16 18:18:48'),
(636, 2, 0, NULL, 9, 1, 4, 1, '2020-08-16 12:42:05', '2020-08-16 12:42:05'),
(637, 2, 0, NULL, 9, 1, 4, 2, '2020-08-16 12:42:05', '2020-08-16 13:02:59'),
(638, 2, 0, NULL, 9, 1, 4, 3, '2020-08-16 12:42:05', '2020-08-16 13:20:28'),
(639, 2, 0, NULL, 9, 1, 4, 4, '2020-08-16 12:42:05', '2020-08-16 13:30:12'),
(640, 2, 1, NULL, 9, 1, 4, 5, '2020-08-16 12:42:05', '2020-08-16 18:18:56'),
(641, 2, 0, NULL, 10, 1, 4, 1, '2020-08-16 12:42:17', '2020-08-16 12:42:17'),
(642, 2, 5, NULL, 10, 1, 4, 2, '2020-08-16 12:42:17', '2020-08-16 17:33:46'),
(643, 2, 0, NULL, 10, 1, 4, 3, '2020-08-16 12:42:17', '2020-08-16 13:20:35'),
(644, 2, 1, NULL, 10, 1, 4, 4, '2020-08-16 12:42:17', '2020-08-16 18:26:22'),
(645, 2, 1, NULL, 10, 1, 4, 5, '2020-08-16 12:42:17', '2020-08-16 18:19:02'),
(646, 2, 0, NULL, 11, 1, 4, 1, '2020-08-16 12:42:33', '2020-08-16 12:42:33'),
(647, 2, 0, NULL, 11, 1, 4, 2, '2020-08-16 12:42:33', '2020-08-16 13:03:16'),
(648, 2, 0, NULL, 11, 1, 4, 3, '2020-08-16 12:42:33', '2020-08-16 13:20:46'),
(649, 2, 0, NULL, 11, 1, 4, 4, '2020-08-16 12:42:33', '2020-08-16 13:29:53'),
(650, 2, 1, NULL, 11, 1, 4, 5, '2020-08-16 12:42:33', '2020-08-16 18:19:12'),
(651, 2, 0, NULL, 12, 1, 4, 1, '2020-08-16 12:42:49', '2020-08-16 12:42:49'),
(652, 2, 0, NULL, 12, 1, 4, 2, '2020-08-16 12:42:49', '2020-08-16 13:03:28'),
(653, 2, 0, NULL, 12, 1, 4, 3, '2020-08-16 12:42:49', '2020-08-16 13:20:54'),
(654, 2, 3, NULL, 12, 1, 4, 4, '2020-08-16 12:42:49', '2020-08-16 18:26:39'),
(655, 2, 4, NULL, 12, 1, 4, 5, '2020-08-16 12:42:49', '2020-08-16 18:19:24'),
(656, 3, 0, NULL, 13, 1, 4, 1, '2020-08-16 12:43:06', '2020-08-16 12:43:06'),
(657, 3, 4, NULL, 13, 1, 4, 2, '2020-08-16 12:43:06', '2020-08-16 17:42:28'),
(658, 3, 0, NULL, 13, 1, 4, 3, '2020-08-16 12:43:06', '2020-08-16 13:21:02'),
(659, 3, 2, NULL, 13, 1, 4, 4, '2020-08-16 12:43:06', '2020-08-16 18:26:51'),
(660, 3, 4, NULL, 13, 1, 4, 5, '2020-08-16 12:43:06', '2020-08-16 18:19:39'),
(661, 3, 0, NULL, 14, 1, 4, 1, '2020-08-16 12:43:23', '2020-08-16 12:43:23'),
(662, 3, 4, NULL, 14, 1, 4, 2, '2020-08-16 12:43:23', '2020-08-16 17:42:35'),
(663, 3, 0, NULL, 14, 1, 4, 3, '2020-08-16 12:43:23', '2020-08-16 13:21:09'),
(664, 3, 2, NULL, 14, 1, 4, 4, '2020-08-16 12:43:23', '2020-08-16 18:26:59'),
(665, 3, 4, NULL, 14, 1, 4, 5, '2020-08-16 12:43:23', '2020-08-16 18:19:46'),
(666, 3, 0, NULL, 15, 1, 4, 1, '2020-08-16 12:43:45', '2020-08-16 12:43:45'),
(667, 3, 4, NULL, 15, 1, 4, 2, '2020-08-16 12:43:45', '2020-08-16 17:42:45'),
(668, 3, 0, NULL, 15, 1, 4, 3, '2020-08-16 12:43:45', '2020-08-16 13:21:16'),
(669, 3, 2, NULL, 15, 1, 4, 4, '2020-08-16 12:43:45', '2020-08-16 18:27:07'),
(670, 3, 3, NULL, 15, 1, 4, 5, '2020-08-16 12:43:45', '2020-08-16 18:19:54'),
(671, 4, 0, NULL, 60, 2, 3, 1, '2020-08-16 16:40:51', '2020-08-16 16:40:51'),
(672, 4, 0, NULL, 60, 2, 3, 2, '2020-08-16 16:40:51', '2020-08-16 16:40:51'),
(673, 4, 0, NULL, 60, 2, 3, 3, '2020-08-16 16:40:51', '2020-08-16 16:40:51'),
(674, 4, 0, NULL, 60, 2, 3, 4, '2020-08-16 16:40:51', '2020-08-16 16:40:51'),
(675, 4, 0, NULL, 60, 2, 3, 5, '2020-08-16 16:40:51', '2020-08-16 16:40:51'),
(676, 4, 0, NULL, 61, 2, 3, 1, '2020-08-16 16:41:05', '2020-08-16 16:41:05'),
(677, 4, 0, NULL, 61, 2, 3, 2, '2020-08-16 16:41:05', '2020-08-16 16:41:05'),
(678, 4, 0, NULL, 61, 2, 3, 3, '2020-08-16 16:41:05', '2020-08-16 16:41:05'),
(679, 4, 0, NULL, 61, 2, 3, 4, '2020-08-16 16:41:05', '2020-08-16 16:41:05'),
(680, 4, 0, NULL, 61, 2, 3, 5, '2020-08-16 16:41:05', '2020-08-16 16:41:05'),
(681, 4, 0, NULL, 62, 2, 3, 1, '2020-08-16 16:41:21', '2020-08-16 16:41:21');
INSERT INTO `categoria_questao` (`id`, `categoria_id`, `quantos`, `pont`, `questao_id`, `dimensao_id`, `sessao_id`, `bairro_id`, `created_at`, `updated_at`) VALUES
(682, 4, 0, NULL, 62, 2, 3, 2, '2020-08-16 16:41:21', '2020-08-16 16:41:21'),
(683, 4, 0, NULL, 62, 2, 3, 3, '2020-08-16 16:41:21', '2020-08-16 16:41:21'),
(684, 4, 0, NULL, 62, 2, 3, 4, '2020-08-16 16:41:21', '2020-08-16 16:41:21'),
(685, 4, 0, NULL, 62, 2, 3, 5, '2020-08-16 16:41:21', '2020-08-16 16:41:21'),
(686, 4, 0, NULL, 63, 2, 3, 1, '2020-08-16 16:41:37', '2020-08-16 16:41:37'),
(687, 4, 0, NULL, 63, 2, 3, 2, '2020-08-16 16:41:37', '2020-08-16 16:41:37'),
(688, 4, 0, NULL, 63, 2, 3, 3, '2020-08-16 16:41:37', '2020-08-16 16:41:37'),
(689, 4, 0, NULL, 63, 2, 3, 4, '2020-08-16 16:41:37', '2020-08-16 16:41:37'),
(690, 4, 0, NULL, 63, 2, 3, 5, '2020-08-16 16:41:37', '2020-08-16 16:41:37'),
(691, 5, 0, NULL, 64, 2, 3, 1, '2020-08-16 16:41:54', '2020-08-16 16:41:54'),
(692, 5, 0, NULL, 64, 2, 3, 2, '2020-08-16 16:41:54', '2020-08-16 16:41:54'),
(693, 5, 0, NULL, 64, 2, 3, 3, '2020-08-16 16:41:54', '2020-08-16 16:41:54'),
(694, 5, 0, NULL, 64, 2, 3, 4, '2020-08-16 16:41:54', '2020-08-16 16:41:54'),
(695, 5, 0, NULL, 64, 2, 3, 5, '2020-08-16 16:41:54', '2020-08-16 16:41:54'),
(696, 6, 0, NULL, 65, 2, 3, 1, '2020-08-16 16:42:06', '2020-08-16 16:42:06'),
(697, 6, 0, NULL, 65, 2, 3, 2, '2020-08-16 16:42:06', '2020-08-16 16:42:06'),
(698, 6, 0, NULL, 65, 2, 3, 3, '2020-08-16 16:42:06', '2020-08-16 16:42:06'),
(699, 6, 0, NULL, 65, 2, 3, 4, '2020-08-16 16:42:06', '2020-08-16 16:42:06'),
(700, 6, 0, NULL, 65, 2, 3, 5, '2020-08-16 16:42:06', '2020-08-16 16:42:06'),
(701, 6, 0, NULL, 66, 2, 3, 1, '2020-08-16 16:42:19', '2020-08-16 16:42:19'),
(702, 6, 0, NULL, 66, 2, 3, 2, '2020-08-16 16:42:19', '2020-08-16 16:42:19'),
(703, 6, 0, NULL, 66, 2, 3, 3, '2020-08-16 16:42:19', '2020-08-16 16:42:19'),
(704, 6, 0, NULL, 66, 2, 3, 4, '2020-08-16 16:42:19', '2020-08-16 16:42:19'),
(705, 6, 0, NULL, 66, 2, 3, 5, '2020-08-16 16:42:19', '2020-08-16 16:42:19'),
(706, 6, 0, NULL, 67, 2, 3, 1, '2020-08-16 16:42:34', '2020-08-16 16:42:34'),
(707, 6, 0, NULL, 67, 2, 3, 2, '2020-08-16 16:42:34', '2020-08-16 16:42:34'),
(708, 6, 0, NULL, 67, 2, 3, 3, '2020-08-16 16:42:34', '2020-08-16 16:42:34'),
(709, 6, 0, NULL, 67, 2, 3, 4, '2020-08-16 16:42:34', '2020-08-16 16:42:34'),
(710, 6, 0, NULL, 67, 2, 3, 5, '2020-08-16 16:42:34', '2020-08-16 16:42:34'),
(711, 6, 0, NULL, 68, 2, 3, 1, '2020-08-16 16:42:51', '2020-08-16 16:42:51'),
(712, 6, 0, NULL, 68, 2, 3, 2, '2020-08-16 16:42:51', '2020-08-16 16:42:51'),
(713, 6, 0, NULL, 68, 2, 3, 3, '2020-08-16 16:42:51', '2020-08-16 16:42:51'),
(714, 6, 0, NULL, 68, 2, 3, 4, '2020-08-16 16:42:51', '2020-08-16 16:42:51'),
(715, 6, 0, NULL, 68, 2, 3, 5, '2020-08-16 16:42:51', '2020-08-16 16:42:51'),
(716, 6, 0, NULL, 69, 2, 3, 1, '2020-08-16 16:43:04', '2020-08-16 16:43:04'),
(717, 6, 0, NULL, 69, 2, 3, 2, '2020-08-16 16:43:04', '2020-08-16 16:43:04'),
(718, 6, 0, NULL, 69, 2, 3, 3, '2020-08-16 16:43:04', '2020-08-16 16:43:04'),
(719, 6, 0, NULL, 69, 2, 3, 4, '2020-08-16 16:43:04', '2020-08-16 16:43:04'),
(720, 6, 0, NULL, 69, 2, 3, 5, '2020-08-16 16:43:04', '2020-08-16 16:43:04'),
(721, 6, 0, NULL, 70, 2, 3, 1, '2020-08-16 16:43:22', '2020-08-16 16:43:22'),
(722, 6, 0, NULL, 70, 2, 3, 2, '2020-08-16 16:43:22', '2020-08-16 16:43:22'),
(723, 6, 0, NULL, 70, 2, 3, 3, '2020-08-16 16:43:22', '2020-08-16 16:43:22'),
(724, 6, 0, NULL, 70, 2, 3, 4, '2020-08-16 16:43:22', '2020-08-16 16:43:22'),
(725, 6, 0, NULL, 70, 2, 3, 5, '2020-08-16 16:43:22', '2020-08-16 16:43:22'),
(726, 6, 0, NULL, 71, 2, 3, 1, '2020-08-16 16:43:38', '2020-08-16 16:43:38'),
(727, 6, 0, NULL, 71, 2, 3, 2, '2020-08-16 16:43:38', '2020-08-16 16:43:38'),
(728, 6, 0, NULL, 71, 2, 3, 3, '2020-08-16 16:43:38', '2020-08-16 16:43:38'),
(729, 6, 0, NULL, 71, 2, 3, 4, '2020-08-16 16:43:38', '2020-08-16 16:43:38'),
(730, 6, 0, NULL, 71, 2, 3, 5, '2020-08-16 16:43:38', '2020-08-16 16:43:38'),
(731, 6, 0, NULL, 72, 2, 3, 1, '2020-08-16 16:43:59', '2020-08-16 16:43:59'),
(732, 6, 0, NULL, 72, 2, 3, 2, '2020-08-16 16:43:59', '2020-08-16 16:43:59'),
(733, 6, 0, NULL, 72, 2, 3, 3, '2020-08-16 16:43:59', '2020-08-16 16:43:59'),
(734, 6, 0, NULL, 72, 2, 3, 4, '2020-08-16 16:43:59', '2020-08-16 16:43:59'),
(735, 6, 0, NULL, 72, 2, 3, 5, '2020-08-16 16:43:59', '2020-08-16 16:43:59'),
(736, 13, 0, NULL, 73, 2, 3, 1, '2020-08-16 16:44:21', '2020-08-16 16:44:21'),
(737, 13, 0, NULL, 73, 2, 3, 2, '2020-08-16 16:44:21', '2020-08-16 16:44:21'),
(738, 13, 0, NULL, 73, 2, 3, 3, '2020-08-16 16:44:21', '2020-08-16 16:44:21'),
(739, 13, 0, NULL, 73, 2, 3, 4, '2020-08-16 16:44:21', '2020-08-16 16:44:21'),
(740, 13, 0, NULL, 73, 2, 3, 5, '2020-08-16 16:44:21', '2020-08-16 16:44:21'),
(741, 13, 0, NULL, 74, 2, 3, 1, '2020-08-16 16:44:34', '2020-08-16 16:44:34'),
(742, 13, 0, NULL, 74, 2, 3, 2, '2020-08-16 16:44:34', '2020-08-16 16:44:34'),
(743, 13, 0, NULL, 74, 2, 3, 3, '2020-08-16 16:44:34', '2020-08-16 16:44:34'),
(744, 13, 0, NULL, 74, 2, 3, 4, '2020-08-16 16:44:34', '2020-08-16 16:44:34'),
(745, 13, 0, NULL, 74, 2, 3, 5, '2020-08-16 16:44:34', '2020-08-16 16:44:34'),
(746, 13, 0, NULL, 75, 2, 3, 1, '2020-08-16 16:44:49', '2020-08-16 16:44:49'),
(747, 13, 0, NULL, 75, 2, 3, 2, '2020-08-16 16:44:49', '2020-08-16 16:44:49'),
(748, 13, 0, NULL, 75, 2, 3, 3, '2020-08-16 16:44:49', '2020-08-16 16:44:49'),
(749, 13, 0, NULL, 75, 2, 3, 4, '2020-08-16 16:44:49', '2020-08-16 16:44:49'),
(750, 13, 0, NULL, 75, 2, 3, 5, '2020-08-16 16:44:49', '2020-08-16 16:44:49'),
(751, 13, 0, NULL, 76, 2, 3, 1, '2020-08-16 16:45:09', '2020-08-16 16:45:09'),
(752, 13, 0, NULL, 76, 2, 3, 2, '2020-08-16 16:45:09', '2020-08-16 16:45:09'),
(753, 13, 0, NULL, 76, 2, 3, 3, '2020-08-16 16:45:09', '2020-08-16 16:45:09'),
(754, 13, 0, NULL, 76, 2, 3, 4, '2020-08-16 16:45:09', '2020-08-16 16:45:09'),
(755, 13, 0, NULL, 76, 2, 3, 5, '2020-08-16 16:45:09', '2020-08-16 16:45:09'),
(756, 13, 0, NULL, 77, 2, 3, 1, '2020-08-16 16:45:24', '2020-08-16 16:45:24'),
(757, 13, 0, NULL, 77, 2, 3, 2, '2020-08-16 16:45:24', '2020-08-16 16:45:24'),
(758, 13, 0, NULL, 77, 2, 3, 3, '2020-08-16 16:45:24', '2020-08-16 16:45:24'),
(759, 13, 0, NULL, 77, 2, 3, 4, '2020-08-16 16:45:24', '2020-08-16 16:45:24'),
(760, 13, 0, NULL, 77, 2, 3, 5, '2020-08-16 16:45:24', '2020-08-16 16:45:24'),
(761, 13, 0, NULL, 78, 2, 3, 1, '2020-08-16 16:45:40', '2020-08-16 16:45:40'),
(762, 13, 0, NULL, 78, 2, 3, 2, '2020-08-16 16:45:40', '2020-08-16 16:45:40'),
(763, 13, 0, NULL, 78, 2, 3, 3, '2020-08-16 16:45:40', '2020-08-16 16:45:40'),
(764, 13, 0, NULL, 78, 2, 3, 4, '2020-08-16 16:45:40', '2020-08-16 16:45:40'),
(765, 13, 0, NULL, 78, 2, 3, 5, '2020-08-16 16:45:40', '2020-08-16 16:45:40'),
(766, 13, 0, NULL, 79, 2, 3, 1, '2020-08-16 16:45:54', '2020-08-16 16:45:54'),
(767, 13, 0, NULL, 79, 2, 3, 2, '2020-08-16 16:45:54', '2020-08-16 16:45:54'),
(768, 13, 0, NULL, 79, 2, 3, 3, '2020-08-16 16:45:54', '2020-08-16 16:45:54'),
(769, 13, 0, NULL, 79, 2, 3, 4, '2020-08-16 16:45:54', '2020-08-16 16:45:54'),
(770, 13, 0, NULL, 79, 2, 3, 5, '2020-08-16 16:45:54', '2020-08-16 16:45:54'),
(771, 14, 0, NULL, 80, 2, 3, 1, '2020-08-16 16:46:08', '2020-08-16 16:46:08'),
(772, 14, 0, NULL, 80, 2, 3, 2, '2020-08-16 16:46:08', '2020-08-16 16:46:08'),
(773, 14, 0, NULL, 80, 2, 3, 3, '2020-08-16 16:46:08', '2020-08-16 16:46:08'),
(774, 14, 0, NULL, 80, 2, 3, 4, '2020-08-16 16:46:08', '2020-08-16 16:46:08'),
(775, 14, 0, NULL, 80, 2, 3, 5, '2020-08-16 16:46:08', '2020-08-16 16:46:08'),
(776, 14, 0, NULL, 81, 2, 3, 1, '2020-08-16 16:46:21', '2020-08-16 16:46:21'),
(777, 14, 0, NULL, 81, 2, 3, 2, '2020-08-16 16:46:21', '2020-08-16 16:46:21'),
(778, 14, 0, NULL, 81, 2, 3, 3, '2020-08-16 16:46:21', '2020-08-16 16:46:21'),
(779, 14, 0, NULL, 81, 2, 3, 4, '2020-08-16 16:46:21', '2020-08-16 16:46:21'),
(780, 14, 0, NULL, 81, 2, 3, 5, '2020-08-16 16:46:21', '2020-08-16 16:46:21'),
(781, 9, 0, NULL, 82, 2, 3, 1, '2020-08-16 16:46:33', '2020-08-16 16:46:33'),
(782, 9, 0, NULL, 82, 2, 3, 2, '2020-08-16 16:46:33', '2020-08-16 16:46:33'),
(783, 9, 0, NULL, 82, 2, 3, 3, '2020-08-16 16:46:33', '2020-08-16 16:46:33'),
(784, 9, 0, NULL, 82, 2, 3, 4, '2020-08-16 16:46:33', '2020-08-16 16:46:33'),
(785, 9, 0, NULL, 82, 2, 3, 5, '2020-08-16 16:46:33', '2020-08-16 16:46:33'),
(786, 9, 0, NULL, 83, 2, 3, 1, '2020-08-16 16:46:49', '2020-08-16 16:46:49'),
(787, 9, 0, NULL, 83, 2, 3, 2, '2020-08-16 16:46:49', '2020-08-16 16:46:49'),
(788, 9, 0, NULL, 83, 2, 3, 3, '2020-08-16 16:46:49', '2020-08-16 16:46:49'),
(789, 9, 0, NULL, 83, 2, 3, 4, '2020-08-16 16:46:49', '2020-08-16 16:46:49'),
(790, 9, 0, NULL, 83, 2, 3, 5, '2020-08-16 16:46:49', '2020-08-16 16:46:49'),
(791, 9, 0, NULL, 84, 2, 3, 1, '2020-08-16 16:47:04', '2020-08-16 16:47:04'),
(792, 9, 0, NULL, 84, 2, 3, 2, '2020-08-16 16:47:04', '2020-08-16 16:47:04'),
(793, 9, 0, NULL, 84, 2, 3, 3, '2020-08-16 16:47:04', '2020-08-16 16:47:04'),
(794, 9, 0, NULL, 84, 2, 3, 4, '2020-08-16 16:47:04', '2020-08-16 16:47:04'),
(795, 9, 0, NULL, 84, 2, 3, 5, '2020-08-16 16:47:04', '2020-08-16 16:47:04'),
(796, 4, 0, NULL, 85, 2, 4, 1, '2020-08-16 16:47:32', '2020-08-16 16:47:32'),
(797, 4, 1, NULL, 85, 2, 4, 2, '2020-08-16 16:47:32', '2020-08-16 17:43:16'),
(798, 4, 0, NULL, 85, 2, 4, 3, '2020-08-16 16:47:32', '2020-08-16 16:47:32'),
(799, 4, 1, NULL, 85, 2, 4, 4, '2020-08-16 16:47:32', '2020-08-16 18:27:29'),
(800, 4, 1, NULL, 85, 2, 4, 5, '2020-08-16 16:47:32', '2020-08-16 18:20:16'),
(801, 4, 0, NULL, 86, 2, 4, 1, '2020-08-16 16:47:53', '2020-08-16 16:47:53'),
(802, 4, 0, NULL, 86, 2, 4, 2, '2020-08-16 16:47:53', '2020-08-16 16:47:53'),
(803, 4, 0, NULL, 86, 2, 4, 3, '2020-08-16 16:47:53', '2020-08-16 16:47:53'),
(804, 4, 0, NULL, 86, 2, 4, 4, '2020-08-16 16:47:53', '2020-08-16 16:47:53'),
(805, 4, 1, NULL, 86, 2, 4, 5, '2020-08-16 16:47:53', '2020-08-16 18:20:38'),
(806, 4, 0, NULL, 87, 2, 4, 1, '2020-08-16 16:48:11', '2020-08-16 16:48:11'),
(807, 4, 3, NULL, 87, 2, 4, 2, '2020-08-16 16:48:11', '2020-08-16 17:43:25'),
(808, 4, 0, NULL, 87, 2, 4, 3, '2020-08-16 16:48:11', '2020-08-16 16:48:11'),
(809, 4, 3, NULL, 87, 2, 4, 4, '2020-08-16 16:48:11', '2020-08-16 18:27:38'),
(810, 4, 1, NULL, 87, 2, 4, 5, '2020-08-16 16:48:11', '2020-08-16 18:20:47'),
(811, 4, 0, NULL, 88, 2, 4, 1, '2020-08-16 16:48:23', '2020-08-16 16:48:23'),
(812, 4, 0, NULL, 88, 2, 4, 2, '2020-08-16 16:48:23', '2020-08-16 16:48:23'),
(813, 4, 0, NULL, 88, 2, 4, 3, '2020-08-16 16:48:23', '2020-08-16 16:48:23'),
(814, 4, 0, NULL, 88, 2, 4, 4, '2020-08-16 16:48:23', '2020-08-16 16:48:23'),
(815, 4, 2, NULL, 88, 2, 4, 5, '2020-08-16 16:48:23', '2020-08-16 18:21:05'),
(816, 4, 0, NULL, 89, 2, 4, 1, '2020-08-16 16:48:37', '2020-08-16 16:48:37'),
(817, 4, 0, NULL, 89, 2, 4, 2, '2020-08-16 16:48:37', '2020-08-16 16:48:37'),
(818, 4, 0, NULL, 89, 2, 4, 3, '2020-08-16 16:48:37', '2020-08-16 16:48:37'),
(819, 4, 1, NULL, 89, 2, 4, 4, '2020-08-16 16:48:37', '2020-08-16 18:28:07'),
(820, 4, 0, NULL, 89, 2, 4, 5, '2020-08-16 16:48:37', '2020-08-16 16:48:37'),
(821, 4, 0, NULL, 90, 2, 4, 1, '2020-08-16 16:48:51', '2020-08-16 16:48:51'),
(822, 4, 0, NULL, 90, 2, 4, 2, '2020-08-16 16:48:51', '2020-08-16 16:48:51'),
(823, 4, 0, NULL, 90, 2, 4, 3, '2020-08-16 16:48:51', '2020-08-16 16:48:51'),
(824, 4, 3, NULL, 90, 2, 4, 4, '2020-08-16 16:48:51', '2020-08-16 18:28:20'),
(825, 4, 0, NULL, 90, 2, 4, 5, '2020-08-16 16:48:51', '2020-08-16 16:48:51'),
(826, 4, 0, NULL, 91, 2, 4, 1, '2020-08-16 16:49:07', '2020-08-16 16:49:07'),
(827, 4, 0, NULL, 91, 2, 4, 2, '2020-08-16 16:49:07', '2020-08-16 16:49:07'),
(828, 4, 0, NULL, 91, 2, 4, 3, '2020-08-16 16:49:07', '2020-08-16 16:49:07'),
(829, 4, 1, NULL, 91, 2, 4, 4, '2020-08-16 16:49:07', '2020-08-16 18:29:22'),
(830, 4, 0, NULL, 91, 2, 4, 5, '2020-08-16 16:49:07', '2020-08-16 16:49:07'),
(831, 4, 3, NULL, 92, 2, 4, 1, '2020-08-16 16:49:37', '2020-08-16 17:43:55'),
(832, 4, 0, NULL, 92, 2, 4, 2, '2020-08-16 16:49:37', '2020-08-16 16:49:37'),
(833, 4, 0, NULL, 92, 2, 4, 3, '2020-08-16 16:49:37', '2020-08-16 16:49:37'),
(834, 4, 2, NULL, 92, 2, 4, 4, '2020-08-16 16:49:37', '2020-08-16 18:29:06'),
(835, 4, 0, NULL, 92, 2, 4, 5, '2020-08-16 16:49:37', '2020-08-16 16:49:37'),
(836, 4, 0, NULL, 93, 2, 4, 1, '2020-08-16 16:49:55', '2020-08-16 16:49:55'),
(837, 4, 3, NULL, 93, 2, 4, 2, '2020-08-16 16:49:55', '2020-08-16 17:44:47'),
(838, 4, 0, NULL, 93, 2, 4, 3, '2020-08-16 16:49:55', '2020-08-16 16:49:55'),
(839, 4, 4, NULL, 93, 2, 4, 4, '2020-08-16 16:49:55', '2020-08-16 18:28:52'),
(840, 4, 3, NULL, 93, 2, 4, 5, '2020-08-16 16:49:55', '2020-08-16 18:21:15'),
(841, 15, 0, NULL, 94, 2, 4, 1, '2020-08-16 16:50:12', '2020-08-16 16:50:12'),
(842, 15, 0, NULL, 94, 2, 4, 2, '2020-08-16 16:50:12', '2020-08-16 16:50:12'),
(843, 15, 0, NULL, 94, 2, 4, 3, '2020-08-16 16:50:12', '2020-08-16 16:50:12'),
(844, 15, 2, NULL, 94, 2, 4, 4, '2020-08-16 16:50:12', '2020-08-16 18:30:00'),
(845, 15, 1, NULL, 94, 2, 4, 5, '2020-08-16 16:50:12', '2020-08-16 18:21:32'),
(1005, 6, 1, NULL, 126, 2, 4, 5, '2020-08-16 17:08:28', '2020-08-16 18:21:47'),
(1004, 6, 1, NULL, 126, 2, 4, 4, '2020-08-16 17:08:28', '2020-08-16 18:30:17'),
(1003, 6, 0, NULL, 126, 2, 4, 3, '2020-08-16 17:08:28', '2020-08-16 17:08:28'),
(1002, 6, 3, NULL, 126, 2, 4, 2, '2020-08-16 17:08:28', '2020-08-16 17:45:10'),
(1001, 6, 0, NULL, 126, 2, 4, 1, '2020-08-16 17:08:28', '2020-08-16 17:08:28'),
(1090, 5, 0, NULL, 143, 2, 2, 5, '2020-08-16 17:15:28', '2020-08-16 17:15:28'),
(1089, 5, 3, NULL, 143, 2, 2, 4, '2020-08-16 17:15:28', '2020-08-16 18:52:20'),
(1088, 5, 1, NULL, 143, 2, 2, 3, '2020-08-16 17:15:28', '2020-08-16 18:42:06'),
(1087, 5, 1, NULL, 143, 2, 2, 2, '2020-08-16 17:15:28', '2020-08-16 18:56:20'),
(1086, 5, 0, NULL, 143, 2, 2, 1, '2020-08-16 17:15:28', '2020-08-16 17:15:28'),
(1085, 5, 0, NULL, 142, 2, 2, 5, '2020-08-16 17:15:12', '2020-08-16 17:15:12'),
(1084, 5, 13, NULL, 142, 2, 2, 4, '2020-08-16 17:15:12', '2020-08-16 18:52:06'),
(1083, 5, 4, NULL, 142, 2, 2, 3, '2020-08-16 17:15:12', '2020-08-16 18:41:54'),
(1082, 5, 1, NULL, 142, 2, 2, 2, '2020-08-16 17:15:12', '2020-08-16 18:56:35'),
(1081, 5, 0, NULL, 142, 2, 2, 1, '2020-08-16 17:15:12', '2020-08-16 17:15:12'),
(1080, 4, 0, NULL, 141, 2, 2, 5, '2020-08-16 17:14:53', '2020-08-16 17:14:53'),
(1079, 4, 0, NULL, 141, 2, 2, 4, '2020-08-16 17:14:53', '2020-08-16 17:14:53'),
(1078, 4, 0, NULL, 141, 2, 2, 3, '2020-08-16 17:14:53', '2020-08-16 17:14:53'),
(1077, 4, 0, NULL, 141, 2, 2, 2, '2020-08-16 17:14:53', '2020-08-16 17:14:53'),
(1076, 4, 0, NULL, 141, 2, 2, 1, '2020-08-16 17:14:53', '2020-08-16 17:14:53'),
(1075, 4, 0, NULL, 140, 2, 2, 5, '2020-08-16 17:14:41', '2020-08-16 17:14:41'),
(1074, 4, 0, NULL, 140, 2, 2, 4, '2020-08-16 17:14:41', '2020-08-16 17:14:41'),
(1073, 4, 0, NULL, 140, 2, 2, 3, '2020-08-16 17:14:41', '2020-08-16 17:14:41'),
(1072, 4, 0, NULL, 140, 2, 2, 2, '2020-08-16 17:14:41', '2020-08-16 17:14:41'),
(1071, 4, 0, NULL, 140, 2, 2, 1, '2020-08-16 17:14:41', '2020-08-16 17:14:41'),
(1060, 4, 0, NULL, 137, 2, 2, 5, '2020-08-16 17:13:48', '2020-08-16 17:13:48'),
(1059, 4, 0, NULL, 137, 2, 2, 4, '2020-08-16 17:13:48', '2020-08-16 17:13:48'),
(1058, 4, 0, NULL, 137, 2, 2, 3, '2020-08-16 17:13:48', '2020-08-16 17:13:48'),
(1057, 4, 0, NULL, 137, 2, 2, 2, '2020-08-16 17:13:48', '2020-08-16 17:13:48'),
(1056, 4, 0, NULL, 137, 2, 2, 1, '2020-08-16 17:13:48', '2020-08-16 17:13:48'),
(1055, 4, 0, NULL, 136, 2, 2, 5, '2020-08-16 17:13:33', '2020-08-16 17:13:33'),
(1054, 4, 0, NULL, 136, 2, 2, 4, '2020-08-16 17:13:33', '2020-08-16 17:13:33'),
(1053, 4, 0, NULL, 136, 2, 2, 3, '2020-08-16 17:13:33', '2020-08-16 17:13:33'),
(1052, 4, 0, NULL, 136, 2, 2, 2, '2020-08-16 17:13:33', '2020-08-16 17:13:33'),
(1051, 4, 0, NULL, 136, 2, 2, 1, '2020-08-16 17:13:33', '2020-08-16 17:13:33'),
(1050, 4, 0, NULL, 135, 2, 2, 5, '2020-08-16 17:13:20', '2020-08-16 17:13:20'),
(1049, 4, 6, NULL, 135, 2, 2, 4, '2020-08-16 17:13:20', '2020-08-16 18:51:23'),
(1048, 4, 4, NULL, 135, 2, 2, 3, '2020-08-16 17:13:20', '2020-08-16 18:41:37'),
(1047, 4, 1, NULL, 135, 2, 2, 2, '2020-08-16 17:13:20', '2020-08-16 18:57:02'),
(1046, 4, 4, NULL, 135, 2, 2, 1, '2020-08-16 17:13:20', '2020-08-16 18:41:11'),
(1065, 4, 0, NULL, 138, 2, 2, 5, '2020-08-16 17:14:11', '2020-08-16 17:14:11'),
(1064, 4, 9, NULL, 138, 2, 2, 4, '2020-08-16 17:14:11', '2020-08-16 18:51:42'),
(1063, 4, 0, NULL, 138, 2, 2, 3, '2020-08-16 17:14:11', '2020-08-16 17:14:11'),
(1062, 4, 0, NULL, 138, 2, 2, 2, '2020-08-16 17:14:11', '2020-08-16 17:14:11'),
(1061, 4, 0, NULL, 138, 2, 2, 1, '2020-08-16 17:14:11', '2020-08-16 17:14:11'),
(1070, 4, 0, NULL, 139, 2, 2, 5, '2020-08-16 17:14:26', '2020-08-16 17:14:26'),
(1069, 4, 0, NULL, 139, 2, 2, 4, '2020-08-16 17:14:26', '2020-08-16 17:14:26'),
(1068, 4, 1, NULL, 139, 2, 2, 3, '2020-08-16 17:14:26', '2020-08-16 18:43:37'),
(1067, 4, 0, NULL, 139, 2, 2, 2, '2020-08-16 17:14:26', '2020-08-16 17:14:26'),
(1066, 4, 0, NULL, 139, 2, 2, 1, '2020-08-16 17:14:26', '2020-08-16 17:14:26'),
(965, 13, 1, NULL, 118, 2, 4, 5, '2020-08-16 16:59:38', '2020-08-16 18:22:38'),
(964, 13, 0, NULL, 118, 2, 4, 4, '2020-08-16 16:59:38', '2020-08-16 16:59:38'),
(963, 13, 0, NULL, 118, 2, 4, 3, '2020-08-16 16:59:38', '2020-08-16 16:59:38'),
(962, 13, 0, NULL, 118, 2, 4, 2, '2020-08-16 16:59:38', '2020-08-16 16:59:38'),
(961, 13, 0, NULL, 118, 2, 4, 1, '2020-08-16 16:59:38', '2020-08-16 16:59:38'),
(955, 13, 0, NULL, 116, 2, 4, 5, '2020-08-16 16:58:59', '2020-08-16 16:58:59'),
(954, 13, 0, NULL, 116, 2, 4, 4, '2020-08-16 16:58:59', '2020-08-16 16:58:59'),
(953, 13, 0, NULL, 116, 2, 4, 3, '2020-08-16 16:58:59', '2020-08-16 16:58:59'),
(952, 13, 0, NULL, 116, 2, 4, 2, '2020-08-16 16:58:59', '2020-08-16 16:58:59'),
(951, 13, 0, NULL, 116, 2, 4, 1, '2020-08-16 16:58:59', '2020-08-16 16:58:59'),
(940, 13, 0, NULL, 113, 2, 4, 5, '2020-08-16 16:57:47', '2020-08-16 16:57:47'),
(939, 13, 0, NULL, 113, 2, 4, 4, '2020-08-16 16:57:47', '2020-08-16 16:57:47'),
(938, 13, 0, NULL, 113, 2, 4, 3, '2020-08-16 16:57:47', '2020-08-16 16:57:47'),
(937, 13, 0, NULL, 113, 2, 4, 2, '2020-08-16 16:57:47', '2020-08-16 16:57:47'),
(936, 13, 0, NULL, 113, 2, 4, 1, '2020-08-16 16:57:47', '2020-08-16 16:57:47'),
(935, 8, 0, NULL, 112, 2, 4, 5, '2020-08-16 16:57:31', '2020-08-16 16:57:31'),
(934, 8, 3, NULL, 112, 2, 4, 4, '2020-08-16 16:57:31', '2020-08-16 18:31:16'),
(933, 8, 0, NULL, 112, 2, 4, 3, '2020-08-16 16:57:31', '2020-08-16 16:57:31'),
(932, 8, 0, NULL, 112, 2, 4, 2, '2020-08-16 16:57:31', '2020-08-16 16:57:31'),
(931, 8, 0, NULL, 112, 2, 4, 1, '2020-08-16 16:57:31', '2020-08-16 16:57:31'),
(945, 13, 0, NULL, 114, 2, 4, 5, '2020-08-16 16:58:03', '2020-08-16 16:58:03'),
(944, 13, 0, NULL, 114, 2, 4, 4, '2020-08-16 16:58:03', '2020-08-16 16:58:03'),
(943, 13, 0, NULL, 114, 2, 4, 3, '2020-08-16 16:58:03', '2020-08-16 16:58:03'),
(942, 13, 0, NULL, 114, 2, 4, 2, '2020-08-16 16:58:03', '2020-08-16 16:58:03'),
(941, 13, 0, NULL, 114, 2, 4, 1, '2020-08-16 16:58:03', '2020-08-16 16:58:03'),
(950, 13, 0, NULL, 115, 2, 4, 5, '2020-08-16 16:58:44', '2020-08-16 16:58:44'),
(949, 13, 0, NULL, 115, 2, 4, 4, '2020-08-16 16:58:44', '2020-08-16 16:58:44'),
(948, 13, 0, NULL, 115, 2, 4, 3, '2020-08-16 16:58:44', '2020-08-16 16:58:44'),
(947, 13, 0, NULL, 115, 2, 4, 2, '2020-08-16 16:58:44', '2020-08-16 16:58:44'),
(946, 13, 0, NULL, 115, 2, 4, 1, '2020-08-16 16:58:44', '2020-08-16 16:58:44'),
(960, 13, 0, NULL, 117, 2, 4, 5, '2020-08-16 16:59:13', '2020-08-16 16:59:13'),
(959, 13, 0, NULL, 117, 2, 4, 4, '2020-08-16 16:59:13', '2020-08-16 16:59:13'),
(958, 13, 0, NULL, 117, 2, 4, 3, '2020-08-16 16:59:13', '2020-08-16 16:59:13'),
(957, 13, 0, NULL, 117, 2, 4, 2, '2020-08-16 16:59:13', '2020-08-16 16:59:13'),
(956, 13, 0, NULL, 117, 2, 4, 1, '2020-08-16 16:59:13', '2020-08-16 16:59:13'),
(966, 9, 0, NULL, 119, 2, 4, 1, '2020-08-16 16:59:56', '2020-08-16 16:59:56'),
(967, 9, 3, NULL, 119, 2, 4, 2, '2020-08-16 16:59:56', '2020-08-16 17:47:33'),
(968, 9, 0, NULL, 119, 2, 4, 3, '2020-08-16 16:59:56', '2020-08-16 16:59:56'),
(969, 9, 0, NULL, 119, 2, 4, 4, '2020-08-16 16:59:56', '2020-08-16 16:59:56'),
(970, 9, 1, NULL, 119, 2, 4, 5, '2020-08-16 16:59:56', '2020-08-16 18:22:58'),
(971, 9, 0, NULL, 120, 2, 4, 1, '2020-08-16 17:00:08', '2020-08-16 17:00:08'),
(972, 9, 0, NULL, 120, 2, 4, 2, '2020-08-16 17:00:08', '2020-08-16 17:00:08'),
(973, 9, 0, NULL, 120, 2, 4, 3, '2020-08-16 17:00:08', '2020-08-16 17:00:08'),
(974, 9, 1, NULL, 120, 2, 4, 4, '2020-08-16 17:00:08', '2020-08-16 18:32:16'),
(975, 9, 0, NULL, 120, 2, 4, 5, '2020-08-16 17:00:08', '2020-08-16 17:00:08'),
(976, 9, 0, NULL, 121, 2, 4, 1, '2020-08-16 17:00:20', '2020-08-16 17:00:20'),
(977, 9, 1, NULL, 121, 2, 4, 2, '2020-08-16 17:00:20', '2020-08-16 17:47:52'),
(978, 9, 0, NULL, 121, 2, 4, 3, '2020-08-16 17:00:20', '2020-08-16 17:00:20'),
(979, 9, 1, NULL, 121, 2, 4, 4, '2020-08-16 17:00:20', '2020-08-16 18:32:26'),
(980, 9, 2, NULL, 121, 2, 4, 5, '2020-08-16 17:00:20', '2020-08-16 18:23:07'),
(981, 9, 0, NULL, 122, 2, 4, 1, '2020-08-16 17:00:37', '2020-08-16 17:00:37'),
(982, 9, 0, NULL, 122, 2, 4, 2, '2020-08-16 17:00:37', '2020-08-16 17:00:37'),
(983, 9, 0, NULL, 122, 2, 4, 3, '2020-08-16 17:00:37', '2020-08-16 17:00:37'),
(984, 9, 0, NULL, 122, 2, 4, 4, '2020-08-16 17:00:37', '2020-08-16 17:00:37'),
(985, 9, 1, NULL, 122, 2, 4, 5, '2020-08-16 17:00:37', '2020-08-16 18:23:16'),
(986, 9, 0, NULL, 123, 2, 4, 1, '2020-08-16 17:00:57', '2020-08-16 17:00:57'),
(987, 9, 0, NULL, 123, 2, 4, 2, '2020-08-16 17:00:57', '2020-08-16 17:00:57'),
(988, 9, 0, NULL, 123, 2, 4, 3, '2020-08-16 17:00:57', '2020-08-16 17:00:57'),
(989, 9, 0, NULL, 123, 2, 4, 4, '2020-08-16 17:00:57', '2020-08-16 17:00:57'),
(990, 9, 0, NULL, 123, 2, 4, 5, '2020-08-16 17:00:57', '2020-08-16 17:00:57'),
(1010, 6, 1, NULL, 127, 2, 4, 5, '2020-08-16 17:08:53', '2020-08-16 18:21:57'),
(1009, 6, 0, NULL, 127, 2, 4, 4, '2020-08-16 17:08:53', '2020-08-16 17:08:53'),
(1008, 6, 0, NULL, 127, 2, 4, 3, '2020-08-16 17:08:53', '2020-08-16 17:08:53'),
(1007, 6, 1, NULL, 127, 2, 4, 2, '2020-08-16 17:08:53', '2020-08-16 17:45:49'),
(1006, 6, 0, NULL, 127, 2, 4, 1, '2020-08-16 17:08:53', '2020-08-16 17:08:53'),
(996, 6, 1, NULL, 125, 2, 4, 1, '2020-08-16 17:07:32', '2020-08-16 18:30:28'),
(997, 6, 0, NULL, 125, 2, 4, 2, '2020-08-16 17:07:32', '2020-08-16 17:07:32'),
(998, 6, 0, NULL, 125, 2, 4, 3, '2020-08-16 17:07:32', '2020-08-16 17:07:32'),
(999, 6, 1, NULL, 125, 2, 4, 4, '2020-08-16 17:07:32', '2020-08-16 18:30:38'),
(1000, 6, 0, NULL, 125, 2, 4, 5, '2020-08-16 17:07:32', '2020-08-16 17:07:32'),
(1011, 6, 0, NULL, 128, 2, 4, 1, '2020-08-16 17:09:06', '2020-08-16 17:09:06'),
(1012, 6, 0, NULL, 128, 2, 4, 2, '2020-08-16 17:09:06', '2020-08-16 17:09:06'),
(1013, 6, 0, NULL, 128, 2, 4, 3, '2020-08-16 17:09:06', '2020-08-16 17:09:06'),
(1014, 6, 0, NULL, 128, 2, 4, 4, '2020-08-16 17:09:06', '2020-08-16 17:09:06'),
(1015, 6, 1, NULL, 128, 2, 4, 5, '2020-08-16 17:09:06', '2020-08-16 18:22:18'),
(1016, 6, 0, NULL, 129, 2, 4, 1, '2020-08-16 17:09:23', '2020-08-16 17:09:23'),
(1017, 6, 1, NULL, 129, 2, 4, 2, '2020-08-16 17:09:23', '2020-08-16 17:46:12'),
(1018, 6, 0, NULL, 129, 2, 4, 3, '2020-08-16 17:09:23', '2020-08-16 17:09:23'),
(1019, 6, 1, NULL, 129, 2, 4, 4, '2020-08-16 17:09:23', '2020-08-16 18:30:55'),
(1020, 6, 0, NULL, 129, 2, 4, 5, '2020-08-16 17:09:23', '2020-08-16 17:09:23'),
(1021, 6, 0, NULL, 130, 2, 4, 1, '2020-08-16 17:09:40', '2020-08-16 17:09:40'),
(1022, 6, 0, NULL, 130, 2, 4, 2, '2020-08-16 17:09:40', '2020-08-16 17:09:40'),
(1023, 6, 0, NULL, 130, 2, 4, 3, '2020-08-16 17:09:40', '2020-08-16 17:09:40'),
(1024, 6, 0, NULL, 130, 2, 4, 4, '2020-08-16 17:09:40', '2020-08-16 17:09:40'),
(1025, 6, 0, NULL, 130, 2, 4, 5, '2020-08-16 17:09:40', '2020-08-16 17:09:40'),
(1026, 6, 0, NULL, 131, 2, 4, 1, '2020-08-16 17:10:01', '2020-08-16 17:10:01'),
(1027, 6, 0, NULL, 131, 2, 4, 2, '2020-08-16 17:10:01', '2020-08-16 17:10:01'),
(1028, 6, 0, NULL, 131, 2, 4, 3, '2020-08-16 17:10:01', '2020-08-16 17:10:01'),
(1029, 6, 0, NULL, 131, 2, 4, 4, '2020-08-16 17:10:01', '2020-08-16 17:10:01'),
(1030, 6, 0, NULL, 131, 2, 4, 5, '2020-08-16 17:10:01', '2020-08-16 17:10:01'),
(1031, 6, 0, NULL, 132, 2, 4, 1, '2020-08-16 17:10:15', '2020-08-16 17:10:15'),
(1032, 6, 0, NULL, 132, 2, 4, 2, '2020-08-16 17:10:15', '2020-08-16 17:10:15'),
(1033, 6, 0, NULL, 132, 2, 4, 3, '2020-08-16 17:10:15', '2020-08-16 17:10:15'),
(1034, 6, 0, NULL, 132, 2, 4, 4, '2020-08-16 17:10:15', '2020-08-16 17:10:15'),
(1035, 6, 0, NULL, 132, 2, 4, 5, '2020-08-16 17:10:15', '2020-08-16 17:10:15'),
(1036, 6, 0, NULL, 133, 2, 4, 1, '2020-08-16 17:10:35', '2020-08-16 17:10:35'),
(1037, 6, 0, NULL, 133, 2, 4, 2, '2020-08-16 17:10:35', '2020-08-16 17:10:35'),
(1038, 6, 0, NULL, 133, 2, 4, 3, '2020-08-16 17:10:35', '2020-08-16 17:10:35'),
(1039, 6, 0, NULL, 133, 2, 4, 4, '2020-08-16 17:10:35', '2020-08-16 17:10:35'),
(1040, 6, 0, NULL, 133, 2, 4, 5, '2020-08-16 17:10:35', '2020-08-16 17:10:35'),
(1041, 6, 0, NULL, 134, 2, 4, 1, '2020-08-16 17:10:51', '2020-08-16 17:10:51'),
(1042, 6, 0, NULL, 134, 2, 4, 2, '2020-08-16 17:10:51', '2020-08-16 17:10:51'),
(1043, 6, 0, NULL, 134, 2, 4, 3, '2020-08-16 17:10:51', '2020-08-16 17:10:51'),
(1044, 6, 0, NULL, 134, 2, 4, 4, '2020-08-16 17:10:51', '2020-08-16 17:10:51'),
(1045, 6, 0, NULL, 134, 2, 4, 5, '2020-08-16 17:10:51', '2020-08-16 17:10:51'),
(1091, 6, 0, NULL, 144, 2, 2, 1, '2020-08-16 17:15:46', '2020-08-16 17:15:46'),
(1092, 6, 0, NULL, 144, 2, 2, 2, '2020-08-16 17:15:46', '2020-08-16 17:15:46'),
(1093, 6, 0, NULL, 144, 2, 2, 3, '2020-08-16 17:15:46', '2020-08-16 17:15:46'),
(1094, 6, 0, NULL, 144, 2, 2, 4, '2020-08-16 17:15:46', '2020-08-16 17:15:46'),
(1095, 6, 0, NULL, 144, 2, 2, 5, '2020-08-16 17:15:46', '2020-08-16 17:15:46'),
(1096, 6, 0, NULL, 145, 2, 2, 1, '2020-08-16 17:16:00', '2020-08-16 17:16:00'),
(1097, 6, 1, NULL, 145, 2, 2, 2, '2020-08-16 17:16:00', '2020-08-16 18:55:34'),
(1098, 6, 0, NULL, 145, 2, 2, 3, '2020-08-16 17:16:00', '2020-08-16 17:16:00'),
(1099, 6, 0, NULL, 145, 2, 2, 4, '2020-08-16 17:16:00', '2020-08-16 17:16:00'),
(1100, 6, 0, NULL, 145, 2, 2, 5, '2020-08-16 17:16:00', '2020-08-16 17:16:00'),
(1101, 6, 0, NULL, 146, 2, 2, 1, '2020-08-16 17:16:13', '2020-08-16 17:16:13'),
(1102, 6, 0, NULL, 146, 2, 2, 2, '2020-08-16 17:16:13', '2020-08-16 17:16:13'),
(1103, 6, 0, NULL, 146, 2, 2, 3, '2020-08-16 17:16:13', '2020-08-16 17:16:13'),
(1104, 6, 0, NULL, 146, 2, 2, 4, '2020-08-16 17:16:13', '2020-08-16 17:16:13'),
(1105, 6, 0, NULL, 146, 2, 2, 5, '2020-08-16 17:16:13', '2020-08-16 17:16:13'),
(1106, 6, 0, NULL, 147, 2, 2, 1, '2020-08-16 17:16:25', '2020-08-16 17:16:25'),
(1107, 6, 0, NULL, 147, 2, 2, 2, '2020-08-16 17:16:25', '2020-08-16 17:16:25'),
(1108, 6, 0, NULL, 147, 2, 2, 3, '2020-08-16 17:16:25', '2020-08-16 17:16:25'),
(1109, 6, 0, NULL, 147, 2, 2, 4, '2020-08-16 17:16:25', '2020-08-16 17:16:25'),
(1110, 6, 0, NULL, 147, 2, 2, 5, '2020-08-16 17:16:25', '2020-08-16 17:16:25'),
(1111, 6, 0, NULL, 148, 2, 2, 1, '2020-08-16 17:16:41', '2020-08-16 17:16:41'),
(1112, 6, 0, NULL, 148, 2, 2, 2, '2020-08-16 17:16:41', '2020-08-16 17:16:41'),
(1113, 6, 0, NULL, 148, 2, 2, 3, '2020-08-16 17:16:41', '2020-08-16 17:16:41'),
(1114, 6, 0, NULL, 148, 2, 2, 4, '2020-08-16 17:16:41', '2020-08-16 17:16:41'),
(1115, 6, 0, NULL, 148, 2, 2, 5, '2020-08-16 17:16:41', '2020-08-16 17:16:41'),
(1116, 6, 0, NULL, 149, 2, 2, 1, '2020-08-16 17:16:55', '2020-08-16 17:16:55'),
(1117, 6, 0, NULL, 149, 2, 2, 2, '2020-08-16 17:16:55', '2020-08-16 17:16:55'),
(1118, 6, 0, NULL, 149, 2, 2, 3, '2020-08-16 17:16:55', '2020-08-16 17:16:55'),
(1119, 6, 0, NULL, 149, 2, 2, 4, '2020-08-16 17:16:55', '2020-08-16 17:16:55'),
(1120, 6, 0, NULL, 149, 2, 2, 5, '2020-08-16 17:16:55', '2020-08-16 17:16:55'),
(1121, 6, 0, NULL, 150, 2, 2, 1, '2020-08-16 17:17:17', '2020-08-16 17:17:17'),
(1122, 6, 0, NULL, 150, 2, 2, 2, '2020-08-16 17:17:17', '2020-08-16 17:17:17'),
(1123, 6, 0, NULL, 150, 2, 2, 3, '2020-08-16 17:17:17', '2020-08-16 17:17:17'),
(1124, 6, 0, NULL, 150, 2, 2, 4, '2020-08-16 17:17:17', '2020-08-16 17:17:17'),
(1125, 6, 0, NULL, 150, 2, 2, 5, '2020-08-16 17:17:17', '2020-08-16 17:17:17'),
(1126, 13, 0, NULL, 151, 2, 2, 1, '2020-08-16 17:17:36', '2020-08-16 17:17:36'),
(1127, 13, 0, NULL, 151, 2, 2, 2, '2020-08-16 17:17:36', '2020-08-16 17:17:36'),
(1128, 13, 0, NULL, 151, 2, 2, 3, '2020-08-16 17:17:36', '2020-08-16 17:17:36'),
(1129, 13, 0, NULL, 151, 2, 2, 4, '2020-08-16 17:17:36', '2020-08-16 17:17:36'),
(1130, 13, 0, NULL, 151, 2, 2, 5, '2020-08-16 17:17:36', '2020-08-16 17:17:36'),
(1131, 13, 0, NULL, 152, 2, 2, 1, '2020-08-16 17:17:56', '2020-08-16 17:17:56'),
(1132, 13, 0, NULL, 152, 2, 2, 2, '2020-08-16 17:17:56', '2020-08-16 17:17:56'),
(1133, 13, 0, NULL, 152, 2, 2, 3, '2020-08-16 17:17:56', '2020-08-16 17:17:56'),
(1134, 13, 0, NULL, 152, 2, 2, 4, '2020-08-16 17:17:56', '2020-08-16 17:17:56'),
(1135, 13, 0, NULL, 152, 2, 2, 5, '2020-08-16 17:17:56', '2020-08-16 17:17:56'),
(1136, 13, 0, NULL, 153, 2, 2, 1, '2020-08-16 17:18:16', '2020-08-16 17:18:16'),
(1137, 13, 0, NULL, 153, 2, 2, 2, '2020-08-16 17:18:16', '2020-08-16 17:18:16'),
(1138, 13, 0, NULL, 153, 2, 2, 3, '2020-08-16 17:18:16', '2020-08-16 17:18:16'),
(1139, 13, 0, NULL, 153, 2, 2, 4, '2020-08-16 17:18:16', '2020-08-16 17:18:16'),
(1140, 13, 0, NULL, 153, 2, 2, 5, '2020-08-16 17:18:16', '2020-08-16 17:18:16'),
(1141, 13, 0, NULL, 154, 2, 2, 1, '2020-08-16 17:18:29', '2020-08-16 17:18:29'),
(1142, 13, 0, NULL, 154, 2, 2, 2, '2020-08-16 17:18:29', '2020-08-16 17:18:29'),
(1143, 13, 0, NULL, 154, 2, 2, 3, '2020-08-16 17:18:29', '2020-08-16 17:18:29'),
(1144, 13, 0, NULL, 154, 2, 2, 4, '2020-08-16 17:18:29', '2020-08-16 17:18:29'),
(1145, 13, 0, NULL, 154, 2, 2, 5, '2020-08-16 17:18:29', '2020-08-16 17:18:29'),
(1146, 13, 0, NULL, 155, 2, 2, 1, '2020-08-16 17:18:45', '2020-08-16 17:18:45'),
(1147, 13, 0, NULL, 155, 2, 2, 2, '2020-08-16 17:18:45', '2020-08-16 17:18:45'),
(1148, 13, 0, NULL, 155, 2, 2, 3, '2020-08-16 17:18:45', '2020-08-16 17:18:45'),
(1149, 13, 0, NULL, 155, 2, 2, 4, '2020-08-16 17:18:45', '2020-08-16 17:18:45'),
(1150, 13, 0, NULL, 155, 2, 2, 5, '2020-08-16 17:18:45', '2020-08-16 17:18:45'),
(1151, 13, 0, NULL, 156, 2, 2, 1, '2020-08-16 17:18:58', '2020-08-16 17:18:58'),
(1152, 13, 0, NULL, 156, 2, 2, 2, '2020-08-16 17:18:58', '2020-08-16 17:18:58'),
(1153, 13, 3, NULL, 156, 2, 2, 3, '2020-08-16 17:18:58', '2020-08-16 18:44:06'),
(1154, 13, 4, NULL, 156, 2, 2, 4, '2020-08-16 17:18:58', '2020-08-16 18:52:55'),
(1155, 13, 0, NULL, 156, 2, 2, 5, '2020-08-16 17:18:58', '2020-08-16 17:18:58'),
(1156, 14, 0, NULL, 157, 2, 2, 1, '2020-08-16 17:19:12', '2020-08-16 17:19:12'),
(1157, 14, 0, NULL, 157, 2, 2, 2, '2020-08-16 17:19:12', '2020-08-16 17:19:12'),
(1158, 14, 0, NULL, 157, 2, 2, 3, '2020-08-16 17:19:12', '2020-08-16 17:19:12'),
(1159, 14, 0, NULL, 157, 2, 2, 4, '2020-08-16 17:19:12', '2020-08-16 17:19:12'),
(1160, 14, 0, NULL, 157, 2, 2, 5, '2020-08-16 17:19:12', '2020-08-16 17:19:12'),
(1161, 14, 0, NULL, 158, 2, 2, 1, '2020-08-16 17:19:23', '2020-08-16 17:19:23'),
(1162, 14, 0, NULL, 158, 2, 2, 2, '2020-08-16 17:19:23', '2020-08-16 17:19:23'),
(1163, 14, 3, NULL, 158, 2, 2, 3, '2020-08-16 17:19:23', '2020-08-16 18:42:21'),
(1164, 14, 3, NULL, 158, 2, 2, 4, '2020-08-16 17:19:23', '2020-08-16 18:42:51'),
(1165, 14, 0, NULL, 158, 2, 2, 5, '2020-08-16 17:19:23', '2020-08-16 17:19:23'),
(1166, 14, 0, NULL, 159, 2, 2, 1, '2020-08-16 17:19:36', '2020-08-16 17:19:36'),
(1167, 14, 0, NULL, 159, 2, 2, 2, '2020-08-16 17:19:36', '2020-08-16 17:19:36'),
(1168, 14, 1, NULL, 159, 2, 2, 3, '2020-08-16 17:19:36', '2020-08-16 18:43:06'),
(1169, 14, 0, NULL, 159, 2, 2, 4, '2020-08-16 17:19:36', '2020-08-16 17:19:36'),
(1170, 14, 0, NULL, 159, 2, 2, 5, '2020-08-16 17:19:36', '2020-08-16 17:19:36'),
(1171, 14, 0, NULL, 160, 2, 2, 1, '2020-08-16 17:19:56', '2020-08-16 17:19:56'),
(1172, 14, 0, NULL, 160, 2, 2, 2, '2020-08-16 17:19:56', '2020-08-16 17:19:56'),
(1173, 14, 0, NULL, 160, 2, 2, 3, '2020-08-16 17:19:56', '2020-08-16 17:19:56'),
(1174, 14, 2, NULL, 160, 2, 2, 4, '2020-08-16 17:19:56', '2020-08-16 18:53:27'),
(1175, 14, 0, NULL, 160, 2, 2, 5, '2020-08-16 17:19:56', '2020-08-16 17:19:56'),
(1176, 9, 0, NULL, 161, 2, 2, 1, '2020-08-16 17:20:11', '2020-08-16 17:20:11'),
(1177, 9, 0, NULL, 161, 2, 2, 2, '2020-08-16 17:20:12', '2020-08-16 17:20:12'),
(1178, 9, 1, NULL, 161, 2, 2, 3, '2020-08-16 17:20:12', '2020-08-16 18:43:18'),
(1179, 9, 0, NULL, 161, 2, 2, 4, '2020-08-16 17:20:12', '2020-08-16 17:20:12'),
(1180, 9, 0, NULL, 161, 2, 2, 5, '2020-08-16 17:20:12', '2020-08-16 17:20:12'),
(1181, 9, 0, NULL, 162, 2, 2, 1, '2020-08-16 17:20:24', '2020-08-16 17:20:24'),
(1182, 9, 1, NULL, 162, 2, 2, 2, '2020-08-16 17:20:24', '2020-08-16 18:57:17'),
(1183, 9, 0, NULL, 162, 2, 2, 3, '2020-08-16 17:20:24', '2020-08-16 17:20:24'),
(1184, 9, 7, NULL, 162, 2, 2, 4, '2020-08-16 17:20:24', '2020-08-16 18:53:53'),
(1185, 9, 0, NULL, 162, 2, 2, 5, '2020-08-16 17:20:24', '2020-08-16 17:20:24'),
(1186, 9, 0, NULL, 163, 2, 2, 1, '2020-08-16 17:20:43', '2020-08-16 17:20:43'),
(1187, 9, 0, NULL, 163, 2, 2, 2, '2020-08-16 17:20:43', '2020-08-16 17:20:43'),
(1188, 9, 0, NULL, 163, 2, 2, 3, '2020-08-16 17:20:43', '2020-08-16 17:20:43'),
(1189, 9, 0, NULL, 163, 2, 2, 4, '2020-08-16 17:20:43', '2020-08-16 17:20:43'),
(1190, 9, 0, NULL, 163, 2, 2, 5, '2020-08-16 17:20:43', '2020-08-16 17:20:43'),
(1191, 9, 0, NULL, 164, 2, 2, 1, '2020-08-16 17:20:56', '2020-08-16 17:20:56'),
(1192, 9, 0, NULL, 164, 2, 2, 2, '2020-08-16 17:20:56', '2020-08-16 17:20:56'),
(1193, 9, 0, NULL, 164, 2, 2, 3, '2020-08-16 17:20:56', '2020-08-16 17:20:56'),
(1194, 9, 0, NULL, 164, 2, 2, 4, '2020-08-16 17:20:56', '2020-08-16 17:20:56'),
(1195, 9, 0, NULL, 164, 2, 2, 5, '2020-08-16 17:20:56', '2020-08-16 17:20:56'),
(1196, 9, 0, NULL, 165, 2, 2, 1, '2020-08-16 17:21:14', '2020-08-16 17:21:14'),
(1197, 9, 0, NULL, 165, 2, 2, 2, '2020-08-16 17:21:14', '2020-08-16 17:21:14'),
(1198, 9, 0, NULL, 165, 2, 2, 3, '2020-08-16 17:21:14', '2020-08-16 17:21:14'),
(1199, 9, 0, NULL, 165, 2, 2, 4, '2020-08-16 17:21:14', '2020-08-16 17:21:14'),
(1200, 9, 0, NULL, 165, 2, 2, 5, '2020-08-16 17:21:14', '2020-08-16 17:21:14'),
(1201, 9, 0, NULL, 166, 2, 2, 1, '2020-08-16 17:21:34', '2020-08-16 17:21:34'),
(1202, 9, 0, NULL, 166, 2, 2, 2, '2020-08-16 17:21:34', '2020-08-16 17:21:34'),
(1203, 9, 0, NULL, 166, 2, 2, 3, '2020-08-16 17:21:34', '2020-08-16 17:21:34'),
(1204, 9, 0, NULL, 166, 2, 2, 4, '2020-08-16 17:21:34', '2020-08-16 17:21:34'),
(1205, 9, 0, NULL, 166, 2, 2, 5, '2020-08-16 17:21:34', '2020-08-16 17:21:34'),
(1206, 9, 0, NULL, 167, 2, 2, 1, '2020-08-16 17:21:48', '2020-08-16 17:21:48'),
(1207, 9, 0, NULL, 167, 2, 2, 2, '2020-08-16 17:21:48', '2020-08-16 17:21:48'),
(1208, 9, 2, NULL, 167, 2, 2, 3, '2020-08-16 17:21:48', '2020-08-16 18:44:25'),
(1209, 9, 0, NULL, 167, 2, 2, 4, '2020-08-16 17:21:48', '2020-08-16 17:21:48'),
(1210, 9, 0, NULL, 167, 2, 2, 5, '2020-08-16 17:21:48', '2020-08-16 17:21:48'),
(1211, 8, 0, NULL, 168, 2, 4, 1, '2020-08-16 17:46:54', '2020-08-16 17:46:54'),
(1212, 8, 2, NULL, 168, 2, 4, 2, '2020-08-16 17:46:54', '2020-08-16 17:46:54'),
(1213, 8, 0, NULL, 168, 2, 4, 3, '2020-08-16 17:46:54', '2020-08-16 17:46:54'),
(1214, 8, 1, NULL, 168, 2, 4, 4, '2020-08-16 17:46:54', '2020-08-16 18:31:24'),
(1215, 8, 0, NULL, 168, 2, 4, 5, '2020-08-16 17:46:54', '2020-08-16 17:46:54'),
(1216, 9, 0, NULL, 169, 2, 4, 1, '2020-08-16 17:48:32', '2020-08-16 17:48:32'),
(1217, 9, 3, NULL, 169, 2, 4, 2, '2020-08-16 17:48:32', '2020-08-16 17:48:32'),
(1218, 9, 0, NULL, 169, 2, 4, 3, '2020-08-16 17:48:32', '2020-08-16 17:48:32'),
(1219, 9, 0, NULL, 169, 2, 4, 4, '2020-08-16 17:48:32', '2020-08-16 17:48:32'),
(1220, 9, 0, NULL, 169, 2, 4, 5, '2020-08-16 17:48:32', '2020-08-16 17:48:32'),
(1221, 8, 0, NULL, 170, 2, 4, 1, '2020-08-16 18:31:41', '2020-08-16 18:31:41'),
(1222, 8, 0, NULL, 170, 2, 4, 2, '2020-08-16 18:31:41', '2020-08-16 18:31:41'),
(1223, 8, 0, NULL, 170, 2, 4, 3, '2020-08-16 18:31:41', '2020-08-16 18:31:41'),
(1224, 8, 1, NULL, 170, 2, 4, 4, '2020-08-16 18:31:41', '2020-08-16 18:31:41'),
(1225, 8, 0, NULL, 170, 2, 4, 5, '2020-08-16 18:31:41', '2020-08-16 18:31:41');

-- --------------------------------------------------------

--
-- Table structure for table `dimensaos`
--

DROP TABLE IF EXISTS `dimensaos`;
CREATE TABLE IF NOT EXISTS `dimensaos` (
  `id` bigint(20) UNSIGNED NOT NULL AUTO_INCREMENT,
  `name` varchar(191) COLLATE utf8mb4_unicode_ci NOT NULL,
  `created_at` timestamp NULL DEFAULT NULL,
  `updated_at` timestamp NULL DEFAULT NULL,
  PRIMARY KEY (`id`)
) ENGINE=MyISAM AUTO_INCREMENT=5 DEFAULT CHARSET=utf8mb4 COLLATE=utf8mb4_unicode_ci;

--
-- Dumping data for table `dimensaos`
--

INSERT INTO `dimensaos` (`id`, `name`, `created_at`, `updated_at`) VALUES
(1, 'Avaliação do formador', '2020-08-16 12:30:19', '2020-08-16 12:30:19'),
(2, 'pré diagnostico', '2020-08-16 12:30:45', '2020-08-16 12:30:45'),
(3, 'pertinência de aprendizagem', '2020-08-16 12:31:36', '2020-08-16 12:31:36'),
(4, 'Medição de impacto', '2020-08-16 12:32:17', '2020-08-16 12:32:17');

-- --------------------------------------------------------

--
-- Table structure for table `dimensao_sessao`
--

DROP TABLE IF EXISTS `dimensao_sessao`;
CREATE TABLE IF NOT EXISTS `dimensao_sessao` (
  `id` bigint(20) UNSIGNED NOT NULL AUTO_INCREMENT,
  `dimensao_id` bigint(20) UNSIGNED NOT NULL,
  `sessao_id` bigint(20) UNSIGNED NOT NULL,
  `bairro_id` bigint(20) UNSIGNED NOT NULL,
  `created_at` timestamp NULL DEFAULT NULL,
  `updated_at` timestamp NULL DEFAULT NULL,
  PRIMARY KEY (`id`),
  KEY `dimensao_sessao_dimensao_id_foreign` (`dimensao_id`),
  KEY `dimensao_sessao_bairro_id_foreign` (`bairro_id`),
  KEY `dimensao_sessao_sessao_id_foreign` (`sessao_id`)
) ENGINE=MyISAM AUTO_INCREMENT=121 DEFAULT CHARSET=utf8mb4 COLLATE=utf8mb4_unicode_ci;

--
-- Dumping data for table `dimensao_sessao`
--

INSERT INTO `dimensao_sessao` (`id`, `dimensao_id`, `sessao_id`, `bairro_id`, `created_at`, `updated_at`) VALUES
(1, 1, 1, 1, '2020-08-16 12:32:38', '2020-08-16 12:32:38'),
(2, 1, 1, 2, '2020-08-16 12:32:38', '2020-08-16 12:32:38'),
(3, 1, 1, 3, '2020-08-16 12:32:38', '2020-08-16 12:32:38'),
(4, 1, 1, 4, '2020-08-16 12:32:38', '2020-08-16 12:32:38'),
(5, 1, 1, 5, '2020-08-16 12:32:38', '2020-08-16 12:32:38'),
(6, 2, 1, 1, '2020-08-16 12:32:38', '2020-08-16 12:32:38'),
(7, 2, 1, 2, '2020-08-16 12:32:38', '2020-08-16 12:32:38'),
(8, 2, 1, 3, '2020-08-16 12:32:38', '2020-08-16 12:32:38'),
(9, 2, 1, 4, '2020-08-16 12:32:38', '2020-08-16 12:32:38'),
(10, 2, 1, 5, '2020-08-16 12:32:38', '2020-08-16 12:32:38'),
(11, 3, 1, 1, '2020-08-16 12:32:38', '2020-08-16 12:32:38'),
(12, 3, 1, 2, '2020-08-16 12:32:38', '2020-08-16 12:32:38'),
(13, 3, 1, 3, '2020-08-16 12:32:38', '2020-08-16 12:32:38'),
(14, 3, 1, 4, '2020-08-16 12:32:38', '2020-08-16 12:32:38'),
(15, 3, 1, 5, '2020-08-16 12:32:38', '2020-08-16 12:32:38'),
(16, 4, 1, 1, '2020-08-16 12:32:38', '2020-08-16 12:32:38'),
(17, 4, 1, 2, '2020-08-16 12:32:38', '2020-08-16 12:32:38'),
(18, 4, 1, 3, '2020-08-16 12:32:38', '2020-08-16 12:32:38'),
(19, 4, 1, 4, '2020-08-16 12:32:38', '2020-08-16 12:32:38'),
(20, 4, 1, 5, '2020-08-16 12:32:38', '2020-08-16 12:32:38'),
(21, 1, 2, 1, '2020-08-16 12:32:51', '2020-08-16 12:32:51'),
(22, 1, 2, 2, '2020-08-16 12:32:51', '2020-08-16 12:32:51'),
(23, 1, 2, 3, '2020-08-16 12:32:51', '2020-08-16 12:32:51'),
(24, 1, 2, 4, '2020-08-16 12:32:51', '2020-08-16 12:32:51'),
(25, 1, 2, 5, '2020-08-16 12:32:51', '2020-08-16 12:32:51'),
(26, 2, 2, 1, '2020-08-16 12:32:51', '2020-08-16 12:32:51'),
(27, 2, 2, 2, '2020-08-16 12:32:51', '2020-08-16 12:32:51'),
(28, 2, 2, 3, '2020-08-16 12:32:51', '2020-08-16 12:32:51'),
(29, 2, 2, 4, '2020-08-16 12:32:51', '2020-08-16 12:32:51'),
(30, 2, 2, 5, '2020-08-16 12:32:51', '2020-08-16 12:32:51'),
(31, 3, 2, 1, '2020-08-16 12:32:51', '2020-08-16 12:32:51'),
(32, 3, 2, 2, '2020-08-16 12:32:51', '2020-08-16 12:32:51'),
(33, 3, 2, 3, '2020-08-16 12:32:51', '2020-08-16 12:32:51'),
(34, 3, 2, 4, '2020-08-16 12:32:51', '2020-08-16 12:32:51'),
(35, 3, 2, 5, '2020-08-16 12:32:51', '2020-08-16 12:32:51'),
(36, 4, 2, 1, '2020-08-16 12:32:51', '2020-08-16 12:32:51'),
(37, 4, 2, 2, '2020-08-16 12:32:51', '2020-08-16 12:32:51'),
(38, 4, 2, 3, '2020-08-16 12:32:51', '2020-08-16 12:32:51'),
(39, 4, 2, 4, '2020-08-16 12:32:51', '2020-08-16 12:32:51'),
(40, 4, 2, 5, '2020-08-16 12:32:51', '2020-08-16 12:32:51'),
(41, 1, 3, 1, '2020-08-16 12:33:20', '2020-08-16 12:33:20'),
(42, 1, 3, 2, '2020-08-16 12:33:20', '2020-08-16 12:33:20'),
(43, 1, 3, 3, '2020-08-16 12:33:20', '2020-08-16 12:33:20'),
(44, 1, 3, 4, '2020-08-16 12:33:20', '2020-08-16 12:33:20'),
(45, 1, 3, 5, '2020-08-16 12:33:20', '2020-08-16 12:33:20'),
(46, 2, 3, 1, '2020-08-16 12:33:20', '2020-08-16 12:33:20'),
(47, 2, 3, 2, '2020-08-16 12:33:20', '2020-08-16 12:33:20'),
(48, 2, 3, 3, '2020-08-16 12:33:20', '2020-08-16 12:33:20'),
(49, 2, 3, 4, '2020-08-16 12:33:20', '2020-08-16 12:33:20'),
(50, 2, 3, 5, '2020-08-16 12:33:20', '2020-08-16 12:33:20'),
(51, 3, 3, 1, '2020-08-16 12:33:20', '2020-08-16 12:33:20'),
(52, 3, 3, 2, '2020-08-16 12:33:20', '2020-08-16 12:33:20'),
(53, 3, 3, 3, '2020-08-16 12:33:20', '2020-08-16 12:33:20'),
(54, 3, 3, 4, '2020-08-16 12:33:20', '2020-08-16 12:33:20'),
(55, 3, 3, 5, '2020-08-16 12:33:20', '2020-08-16 12:33:20'),
(56, 4, 3, 1, '2020-08-16 12:33:20', '2020-08-16 12:33:20'),
(57, 4, 3, 2, '2020-08-16 12:33:20', '2020-08-16 12:33:20'),
(58, 4, 3, 3, '2020-08-16 12:33:20', '2020-08-16 12:33:20'),
(59, 4, 3, 4, '2020-08-16 12:33:20', '2020-08-16 12:33:20'),
(60, 4, 3, 5, '2020-08-16 12:33:20', '2020-08-16 12:33:20'),
(61, 1, 4, 1, '2020-08-16 12:33:42', '2020-08-16 12:33:42'),
(62, 1, 4, 2, '2020-08-16 12:33:42', '2020-08-16 12:33:42'),
(63, 1, 4, 3, '2020-08-16 12:33:42', '2020-08-16 12:33:42'),
(64, 1, 4, 4, '2020-08-16 12:33:42', '2020-08-16 12:33:42'),
(65, 1, 4, 5, '2020-08-16 12:33:42', '2020-08-16 12:33:42'),
(66, 2, 4, 1, '2020-08-16 12:33:42', '2020-08-16 12:33:42'),
(67, 2, 4, 2, '2020-08-16 12:33:42', '2020-08-16 12:33:42'),
(68, 2, 4, 3, '2020-08-16 12:33:42', '2020-08-16 12:33:42'),
(69, 2, 4, 4, '2020-08-16 12:33:42', '2020-08-16 12:33:42'),
(70, 2, 4, 5, '2020-08-16 12:33:42', '2020-08-16 12:33:42'),
(71, 3, 4, 1, '2020-08-16 12:33:42', '2020-08-16 12:33:42'),
(72, 3, 4, 2, '2020-08-16 12:33:42', '2020-08-16 12:33:42'),
(73, 3, 4, 3, '2020-08-16 12:33:42', '2020-08-16 12:33:42'),
(74, 3, 4, 4, '2020-08-16 12:33:42', '2020-08-16 12:33:42'),
(75, 3, 4, 5, '2020-08-16 12:33:42', '2020-08-16 12:33:42'),
(76, 4, 4, 1, '2020-08-16 12:33:42', '2020-08-16 12:33:42'),
(77, 4, 4, 2, '2020-08-16 12:33:42', '2020-08-16 12:33:42'),
(78, 4, 4, 3, '2020-08-16 12:33:42', '2020-08-16 12:33:42'),
(79, 4, 4, 4, '2020-08-16 12:33:42', '2020-08-16 12:33:42'),
(80, 4, 4, 5, '2020-08-16 12:33:42', '2020-08-16 12:33:42'),
(81, 1, 5, 1, '2020-08-16 12:34:26', '2020-08-16 12:34:26'),
(82, 1, 5, 2, '2020-08-16 12:34:26', '2020-08-16 12:34:26'),
(83, 1, 5, 3, '2020-08-16 12:34:26', '2020-08-16 12:34:26'),
(84, 1, 5, 4, '2020-08-16 12:34:26', '2020-08-16 12:34:26'),
(85, 1, 5, 5, '2020-08-16 12:34:26', '2020-08-16 12:34:26'),
(86, 2, 5, 1, '2020-08-16 12:34:26', '2020-08-16 12:34:26'),
(87, 2, 5, 2, '2020-08-16 12:34:26', '2020-08-16 12:34:26'),
(88, 2, 5, 3, '2020-08-16 12:34:26', '2020-08-16 12:34:26'),
(89, 2, 5, 4, '2020-08-16 12:34:26', '2020-08-16 12:34:26'),
(90, 2, 5, 5, '2020-08-16 12:34:26', '2020-08-16 12:34:26'),
(91, 3, 5, 1, '2020-08-16 12:34:26', '2020-08-16 12:34:26'),
(92, 3, 5, 2, '2020-08-16 12:34:26', '2020-08-16 12:34:26'),
(93, 3, 5, 3, '2020-08-16 12:34:26', '2020-08-16 12:34:26'),
(94, 3, 5, 4, '2020-08-16 12:34:26', '2020-08-16 12:34:26'),
(95, 3, 5, 5, '2020-08-16 12:34:26', '2020-08-16 12:34:26'),
(96, 4, 5, 1, '2020-08-16 12:34:26', '2020-08-16 12:34:26'),
(97, 4, 5, 2, '2020-08-16 12:34:26', '2020-08-16 12:34:26'),
(98, 4, 5, 3, '2020-08-16 12:34:26', '2020-08-16 12:34:26'),
(99, 4, 5, 4, '2020-08-16 12:34:26', '2020-08-16 12:34:26'),
(100, 4, 5, 5, '2020-08-16 12:34:26', '2020-08-16 12:34:26'),
(101, 1, 6, 1, '2020-08-16 12:34:50', '2020-08-16 12:34:50'),
(102, 1, 6, 2, '2020-08-16 12:34:50', '2020-08-16 12:34:50'),
(103, 1, 6, 3, '2020-08-16 12:34:50', '2020-08-16 12:34:50'),
(104, 1, 6, 4, '2020-08-16 12:34:50', '2020-08-16 12:34:50'),
(105, 1, 6, 5, '2020-08-16 12:34:50', '2020-08-16 12:34:50'),
(106, 2, 6, 1, '2020-08-16 12:34:50', '2020-08-16 12:34:50'),
(107, 2, 6, 2, '2020-08-16 12:34:50', '2020-08-16 12:34:50'),
(108, 2, 6, 3, '2020-08-16 12:34:50', '2020-08-16 12:34:50'),
(109, 2, 6, 4, '2020-08-16 12:34:50', '2020-08-16 12:34:50'),
(110, 2, 6, 5, '2020-08-16 12:34:50', '2020-08-16 12:34:50'),
(111, 3, 6, 1, '2020-08-16 12:34:50', '2020-08-16 12:34:50'),
(112, 3, 6, 2, '2020-08-16 12:34:50', '2020-08-16 12:34:50'),
(113, 3, 6, 3, '2020-08-16 12:34:50', '2020-08-16 12:34:50'),
(114, 3, 6, 4, '2020-08-16 12:34:50', '2020-08-16 12:34:50'),
(115, 3, 6, 5, '2020-08-16 12:34:50', '2020-08-16 12:34:50'),
(116, 4, 6, 1, '2020-08-16 12:34:50', '2020-08-16 12:34:50'),
(117, 4, 6, 2, '2020-08-16 12:34:50', '2020-08-16 12:34:50'),
(118, 4, 6, 3, '2020-08-16 12:34:50', '2020-08-16 12:34:50'),
(119, 4, 6, 4, '2020-08-16 12:34:50', '2020-08-16 12:34:50'),
(120, 4, 6, 5, '2020-08-16 12:34:50', '2020-08-16 12:34:50');

-- --------------------------------------------------------

--
-- Table structure for table `erros`
--

DROP TABLE IF EXISTS `erros`;
CREATE TABLE IF NOT EXISTS `erros` (
  `id` bigint(20) UNSIGNED NOT NULL AUTO_INCREMENT,
  `name` varchar(191) COLLATE utf8mb4_unicode_ci NOT NULL,
  `created_at` timestamp NULL DEFAULT NULL,
  `updated_at` timestamp NULL DEFAULT NULL,
  PRIMARY KEY (`id`)
) ENGINE=MyISAM AUTO_INCREMENT=142 DEFAULT CHARSET=utf8mb4 COLLATE=utf8mb4_unicode_ci;

--
-- Dumping data for table `erros`
--

INSERT INTO `erros` (`id`, `name`, `created_at`, `updated_at`) VALUES
(1, 'HIV', NULL, NULL),
(2, 'Danny Rowe', '2020-08-21 06:06:47', '2020-08-21 06:06:47'),
(3, 'Dr. Domenica Medhurst', '2020-08-21 06:06:47', '2020-08-21 06:06:47'),
(4, 'Mr. Consuelo Vandervort V', '2020-08-21 06:06:47', '2020-08-21 06:06:47'),
(5, 'Malachi Schiller', '2020-08-21 06:06:47', '2020-08-21 06:06:47'),
(6, 'Aletha Wiegand', '2020-08-21 06:06:47', '2020-08-21 06:06:47'),
(7, 'Georgiana Casper', '2020-08-21 06:06:47', '2020-08-21 06:06:47'),
(8, 'Vada Boehm', '2020-08-21 06:06:47', '2020-08-21 06:06:47'),
(9, 'Ms. Annetta Jakubowski', '2020-08-21 06:06:47', '2020-08-21 06:06:47'),
(10, 'Chelsea Schuster', '2020-08-21 06:06:47', '2020-08-21 06:06:47'),
(11, 'Elisha Jacobson', '2020-08-21 06:06:47', '2020-08-21 06:06:47'),
(12, 'Jaeden Bauch', '2020-08-21 06:06:47', '2020-08-21 06:06:47'),
(13, 'Mr. Moriah Kessler', '2020-08-21 06:06:47', '2020-08-21 06:06:47'),
(14, 'Laila Witting', '2020-08-21 06:06:47', '2020-08-21 06:06:47'),
(15, 'Una Corkery', '2020-08-21 06:06:47', '2020-08-21 06:06:47'),
(16, 'Oda Schmitt', '2020-08-21 06:06:47', '2020-08-21 06:06:47'),
(17, 'Joseph Beahan', '2020-08-21 06:06:47', '2020-08-21 06:06:47'),
(18, 'River DuBuque Jr.', '2020-08-21 06:06:47', '2020-08-21 06:06:47'),
(19, 'Martin Hahn', '2020-08-21 06:06:47', '2020-08-21 06:06:47'),
(20, 'Prof. Destin Gleason Jr.', '2020-08-21 06:06:47', '2020-08-21 06:06:47'),
(21, 'Jasen Kunde', '2020-08-21 06:06:47', '2020-08-21 06:06:47'),
(22, 'Serena Koepp', '2020-08-21 06:06:47', '2020-08-21 06:06:47'),
(23, 'Antonia Bogisich', '2020-08-21 06:06:47', '2020-08-21 06:06:47'),
(24, 'Margarete O\'Conner DVM', '2020-08-21 06:06:47', '2020-08-21 06:06:47'),
(25, 'Dr. Bennie Pfannerstill III', '2020-08-21 06:06:47', '2020-08-21 06:06:47'),
(26, 'Reba Satterfield', '2020-08-21 06:06:47', '2020-08-21 06:06:47'),
(27, 'Fleta Smitham', '2020-08-21 06:06:47', '2020-08-21 06:06:47'),
(28, 'Mrs. Jennie Ritchie DDS', '2020-08-21 06:06:47', '2020-08-21 06:06:47'),
(29, 'Ricky Dach', '2020-08-21 06:06:47', '2020-08-21 06:06:47'),
(30, 'Jeromy Considine', '2020-08-21 06:06:47', '2020-08-21 06:06:47'),
(31, 'Dr. Cheyenne Bruen', '2020-08-21 06:06:47', '2020-08-21 06:06:47'),
(32, 'Kole Paucek', '2020-08-21 06:06:47', '2020-08-21 06:06:47'),
(33, 'Dr. Wilson Wisoky', '2020-08-21 06:06:47', '2020-08-21 06:06:47'),
(34, 'Tyra Ryan', '2020-08-21 06:06:47', '2020-08-21 06:06:47'),
(35, 'Mrs. Beaulah Dicki Sr.', '2020-08-21 06:06:47', '2020-08-21 06:06:47'),
(36, 'Waldo Watsica', '2020-08-21 06:06:47', '2020-08-21 06:06:47'),
(37, 'Dr. Joanny Bogisich', '2020-08-21 06:06:47', '2020-08-21 06:06:47'),
(38, 'Keely Hackett Sr.', '2020-08-21 06:06:47', '2020-08-21 06:06:47'),
(39, 'Keith Watsica', '2020-08-21 06:06:47', '2020-08-21 06:06:47'),
(40, 'Nina Bahringer', '2020-08-21 06:06:47', '2020-08-21 06:06:47'),
(41, 'Estelle Brakus', '2020-08-21 06:06:47', '2020-08-21 06:06:47'),
(42, 'Susan Beier', '2020-08-21 06:06:47', '2020-08-21 06:06:47'),
(43, 'Jaylan Moore', '2020-08-21 06:06:47', '2020-08-21 06:06:47'),
(44, 'Polly Kiehn', '2020-08-21 06:06:47', '2020-08-21 06:06:47'),
(45, 'Miss Elouise Crona', '2020-08-21 06:06:47', '2020-08-21 06:06:47'),
(46, 'Mr. Elwyn Leffler', '2020-08-21 06:06:47', '2020-08-21 06:06:47'),
(47, 'Haylie Batz', '2020-08-21 06:06:47', '2020-08-21 06:06:47'),
(48, 'Marisol Schulist', '2020-08-21 06:06:47', '2020-08-21 06:06:47'),
(49, 'Cristopher VonRueden', '2020-08-21 06:06:47', '2020-08-21 06:06:47'),
(50, 'Alia Miller', '2020-08-21 06:06:47', '2020-08-21 06:06:47'),
(51, 'Prof. Jeanie Dickens DDS', '2020-08-21 06:06:47', '2020-08-21 06:06:47'),
(52, 'Elvie Bashirian', '2020-08-21 06:06:47', '2020-08-21 06:06:47'),
(53, 'Dr. Tyreek Cronin', '2020-08-21 06:06:47', '2020-08-21 06:06:47'),
(54, 'Deion Murphy', '2020-08-21 06:06:47', '2020-08-21 06:06:47'),
(55, 'Winnifred Kohler II', '2020-08-21 06:06:47', '2020-08-21 06:06:47'),
(56, 'Dr. Virginia Lubowitz', '2020-08-21 06:06:47', '2020-08-21 06:06:47'),
(57, 'Marisol Witting', '2020-08-21 06:06:47', '2020-08-21 06:06:47'),
(58, 'Keagan Roberts', '2020-08-21 06:06:47', '2020-08-21 06:06:47'),
(59, 'Ms. Herminia Schinner', '2020-08-21 06:06:47', '2020-08-21 06:06:47'),
(60, 'Holden Lesch', '2020-08-21 06:06:47', '2020-08-21 06:06:47'),
(61, 'Prof. Blaze Walter', '2020-08-21 06:06:47', '2020-08-21 06:06:47'),
(62, 'Miss Elza Von', '2020-08-21 06:06:47', '2020-08-21 06:06:47'),
(63, 'Mayra Kautzer', '2020-08-21 06:06:47', '2020-08-21 06:06:47'),
(64, 'Prof. Neva Mayer', '2020-08-21 06:06:47', '2020-08-21 06:06:47'),
(65, 'Margarette Wintheiser', '2020-08-21 06:06:47', '2020-08-21 06:06:47'),
(66, 'Ryley Ferry Sr.', '2020-08-21 06:06:47', '2020-08-21 06:06:47'),
(67, 'Mr. Dustin Crist', '2020-08-21 06:06:47', '2020-08-21 06:06:47'),
(68, 'Leola Welch PhD', '2020-08-21 06:06:47', '2020-08-21 06:06:47'),
(69, 'Wanda Padberg', '2020-08-21 06:06:47', '2020-08-21 06:06:47'),
(70, 'Adelia Fadel', '2020-08-21 06:06:47', '2020-08-21 06:06:47'),
(71, 'Dr. Ransom Bauch', '2020-08-21 06:06:47', '2020-08-21 06:06:47'),
(72, 'Allene Kling', '2020-08-21 06:06:47', '2020-08-21 06:06:47'),
(73, 'Maye Goldner', '2020-08-21 06:06:47', '2020-08-21 06:06:47'),
(74, 'Sid Wolf', '2020-08-21 06:06:47', '2020-08-21 06:06:47'),
(75, 'Lawrence Beier', '2020-08-21 06:06:47', '2020-08-21 06:06:47'),
(76, 'Mr. Roel Schaden', '2020-08-21 06:06:47', '2020-08-21 06:06:47'),
(77, 'Mrs. Raquel Parisian DVM', '2020-08-21 06:06:47', '2020-08-21 06:06:47'),
(78, 'Shad Reynolds', '2020-08-21 06:06:47', '2020-08-21 06:06:47'),
(79, 'Mertie Kiehn', '2020-08-21 06:06:47', '2020-08-21 06:06:47'),
(80, 'Prof. Kaitlin Bergstrom PhD', '2020-08-21 06:06:47', '2020-08-21 06:06:47'),
(81, 'Nya Braun', '2020-08-21 06:06:47', '2020-08-21 06:06:47'),
(82, 'Vernon Abshire', '2020-08-21 06:06:47', '2020-08-21 06:06:47'),
(83, 'Lorine Dare', '2020-08-21 06:06:47', '2020-08-21 06:06:47'),
(84, 'Jailyn Windler', '2020-08-21 06:06:47', '2020-08-21 06:06:47'),
(85, 'Mr. Christ Maggio IV', '2020-08-21 06:06:47', '2020-08-21 06:06:47'),
(86, 'Mack Doyle', '2020-08-21 06:06:47', '2020-08-21 06:06:47'),
(87, 'Shaniya Romaguera', '2020-08-21 06:06:47', '2020-08-21 06:06:47'),
(88, 'Freeman Nitzsche', '2020-08-21 06:06:47', '2020-08-21 06:06:47'),
(89, 'Ena Swift IV', '2020-08-21 06:06:47', '2020-08-21 06:06:47'),
(90, 'Prof. Jerrell Howell III', '2020-08-21 06:06:47', '2020-08-21 06:06:47'),
(91, 'Ivy Wiegand', '2020-08-21 06:06:47', '2020-08-21 06:06:47'),
(92, 'Prof. Chanelle Sawayn II', '2020-08-21 06:06:47', '2020-08-21 06:06:47'),
(93, 'Winona Hegmann', '2020-08-21 06:06:47', '2020-08-21 06:06:47'),
(94, 'Jacey Strosin', '2020-08-21 06:06:47', '2020-08-21 06:06:47'),
(95, 'Martin Barton', '2020-08-21 06:06:47', '2020-08-21 06:06:47'),
(96, 'Kameron Krajcik', '2020-08-21 06:06:47', '2020-08-21 06:06:47'),
(97, 'Dennis Herman', '2020-08-21 06:06:47', '2020-08-21 06:06:47'),
(98, 'Prof. Joana Kunze', '2020-08-21 06:06:47', '2020-08-21 06:06:47'),
(99, 'Rosalyn Gutkowski Jr.', '2020-08-21 06:06:47', '2020-08-21 06:06:47'),
(100, 'Derick Senger', '2020-08-21 06:06:47', '2020-08-21 06:06:47'),
(101, 'Dudley Rosenbaum', '2020-08-21 06:06:47', '2020-08-21 06:06:47'),
(102, 'Dr. Shanelle Lang DDS', '2020-08-21 06:06:47', '2020-08-21 06:06:47'),
(103, 'Niko Mertz', '2020-08-21 06:06:47', '2020-08-21 06:06:47'),
(104, 'Marcelle Runolfsdottir', '2020-08-21 06:06:47', '2020-08-21 06:06:47'),
(105, 'Meredith Nicolas', '2020-08-21 06:06:47', '2020-08-21 06:06:47'),
(106, 'Verdie McLaughlin', '2020-08-21 06:06:47', '2020-08-21 06:06:47'),
(107, 'Dr. Daron Feil', '2020-08-21 06:06:47', '2020-08-21 06:06:47'),
(108, 'Antonetta Kemmer', '2020-08-21 06:06:47', '2020-08-21 06:06:47'),
(109, 'Deanna Hayes IV', '2020-08-21 06:06:47', '2020-08-21 06:06:47'),
(110, 'Billy Haley III', '2020-08-21 06:06:47', '2020-08-21 06:06:47'),
(111, 'Donnell Greenholt', '2020-08-21 06:06:47', '2020-08-21 06:06:47'),
(112, 'Abdullah Marks', '2020-08-21 06:06:47', '2020-08-21 06:06:47'),
(113, 'Favian Kemmer', '2020-08-21 06:06:47', '2020-08-21 06:06:47'),
(114, 'Miss Marcelina Bogan Jr.', '2020-08-21 06:06:47', '2020-08-21 06:06:47'),
(115, 'Alexane Leannon', '2020-08-21 06:06:47', '2020-08-21 06:06:47'),
(116, 'Mervin Miller Jr.', '2020-08-21 06:06:47', '2020-08-21 06:06:47'),
(117, 'Mac Lindgren DDS', '2020-08-21 06:06:47', '2020-08-21 06:06:47'),
(118, 'Osvaldo Halvorson', '2020-08-21 06:06:47', '2020-08-21 06:06:47'),
(119, 'Candelario Kulas', '2020-08-21 06:06:47', '2020-08-21 06:06:47'),
(120, 'Audreanne Ankunding', '2020-08-21 06:06:47', '2020-08-21 06:06:47'),
(121, 'Verdie Kassulke', '2020-08-21 06:06:47', '2020-08-21 06:06:47'),
(122, 'Lou Schimmel', '2020-08-21 06:06:47', '2020-08-21 06:06:47'),
(123, 'Eleanore Koss', '2020-08-21 06:06:47', '2020-08-21 06:06:47'),
(124, 'Prof. Franz Renner', '2020-08-21 06:06:47', '2020-08-21 06:06:47'),
(125, 'Mr. Eleazar King DVM', '2020-08-21 06:06:47', '2020-08-21 06:06:47'),
(126, 'Prof. Vern Klocko V', '2020-08-21 06:06:47', '2020-08-21 06:06:47'),
(127, 'Tavares Graham', '2020-08-21 06:06:47', '2020-08-21 06:06:47'),
(128, 'Kirstin Murray', '2020-08-21 06:06:47', '2020-08-21 06:06:47'),
(129, 'Cheyanne Kutch', '2020-08-21 06:06:47', '2020-08-21 06:06:47'),
(130, 'Dr. Seth Funk III', '2020-08-21 06:06:47', '2020-08-21 06:06:47'),
(131, 'Octavia Baumbach', '2020-08-21 06:06:47', '2020-08-21 06:06:47'),
(132, 'Tyree Ebert', '2020-08-21 06:06:47', '2020-08-21 06:06:47'),
(133, 'Felipe Gleichner', '2020-08-21 06:06:47', '2020-08-21 06:06:47'),
(134, 'Delmer Watsica', '2020-08-21 06:06:47', '2020-08-21 06:06:47'),
(135, 'Darwin Ebert', '2020-08-21 06:06:47', '2020-08-21 06:06:47'),
(136, 'Gretchen Schumm', '2020-08-21 06:06:47', '2020-08-21 06:06:47'),
(137, 'Lane Brown', '2020-08-21 06:06:47', '2020-08-21 06:06:47'),
(138, 'Miss Ophelia Kling II', '2020-08-21 06:06:47', '2020-08-21 06:06:47'),
(139, 'Elyse Lebsack', '2020-08-21 06:06:47', '2020-08-21 06:06:47'),
(140, 'Jack Reinger', '2020-08-21 06:06:47', '2020-08-21 06:06:47'),
(141, 'Loren Sipes', '2020-08-21 06:06:47', '2020-08-21 06:06:47');

-- --------------------------------------------------------

--
-- Table structure for table `failed_jobs`
--

DROP TABLE IF EXISTS `failed_jobs`;
CREATE TABLE IF NOT EXISTS `failed_jobs` (
  `id` bigint(20) UNSIGNED NOT NULL AUTO_INCREMENT,
  `connection` text COLLATE utf8mb4_unicode_ci NOT NULL,
  `queue` text COLLATE utf8mb4_unicode_ci NOT NULL,
  `payload` longtext COLLATE utf8mb4_unicode_ci NOT NULL,
  `exception` longtext COLLATE utf8mb4_unicode_ci NOT NULL,
  `failed_at` timestamp NOT NULL DEFAULT CURRENT_TIMESTAMP,
  PRIMARY KEY (`id`)
) ENGINE=MyISAM DEFAULT CHARSET=utf8mb4 COLLATE=utf8mb4_unicode_ci;

-- --------------------------------------------------------

--
-- Table structure for table `formadors`
--

DROP TABLE IF EXISTS `formadors`;
CREATE TABLE IF NOT EXISTS `formadors` (
  `id` bigint(20) UNSIGNED NOT NULL AUTO_INCREMENT,
  `name` varchar(191) COLLATE utf8mb4_unicode_ci NOT NULL,
  `created_at` timestamp NULL DEFAULT NULL,
  `updated_at` timestamp NULL DEFAULT NULL,
  PRIMARY KEY (`id`)
) ENGINE=MyISAM DEFAULT CHARSET=utf8mb4 COLLATE=utf8mb4_unicode_ci;

-- --------------------------------------------------------

--
-- Table structure for table `formador_questao`
--

DROP TABLE IF EXISTS `formador_questao`;
CREATE TABLE IF NOT EXISTS `formador_questao` (
  `id` bigint(20) UNSIGNED NOT NULL AUTO_INCREMENT,
  `formador_id` bigint(20) UNSIGNED NOT NULL,
  `questao_id` bigint(20) UNSIGNED NOT NULL,
  `dimensao_id` bigint(20) UNSIGNED NOT NULL,
  `sessao_id` bigint(20) UNSIGNED NOT NULL,
  `bairro_id` bigint(20) UNSIGNED NOT NULL,
  `pont` double NOT NULL,
  `created_at` timestamp NULL DEFAULT NULL,
  `updated_at` timestamp NULL DEFAULT NULL,
  PRIMARY KEY (`id`),
  KEY `formador_questao_formador_id_foreign` (`formador_id`),
  KEY `formador_questao_questao_id_foreign` (`questao_id`),
  KEY `formador_questao_sessao_id_foreign` (`sessao_id`),
  KEY `formador_questao_dimensao_id_foreign` (`dimensao_id`),
  KEY `formador_questao_bairro_id_foreign` (`bairro_id`)
) ENGINE=MyISAM DEFAULT CHARSET=utf8mb4 COLLATE=utf8mb4_unicode_ci;

-- --------------------------------------------------------

--
-- Table structure for table `migrations`
--

DROP TABLE IF EXISTS `migrations`;
CREATE TABLE IF NOT EXISTS `migrations` (
  `id` int(10) UNSIGNED NOT NULL AUTO_INCREMENT,
  `migration` varchar(191) CHARACTER SET utf8mb4 COLLATE utf8mb4_unicode_ci NOT NULL,
  `batch` int(11) NOT NULL,
  PRIMARY KEY (`id`)
) ENGINE=MyISAM AUTO_INCREMENT=69 DEFAULT CHARSET=utf8mb4 COLLATE=utf8mb4_unicode_ci;

--
-- Dumping data for table `migrations`
--

INSERT INTO `migrations` (`id`, `migration`, `batch`) VALUES
(49, '2014_10_12_000000_create_users_table', 1),
(50, '2014_10_12_100000_create_password_resets_table', 1),
(51, '2019_08_19_000000_create_failed_jobs_table', 1),
(52, '2020_07_21_155319_create_bairro_sessao_table', 1),
(53, '2020_07_21_155809_create_dimensao_sessao_table', 1),
(54, '2020_07_21_160726_create_categoria_questao_table', 1),
(55, '2020_07_21_161529_create_participante_questao_table', 1),
(56, '2020_07_21_161602_create_formador_questao_table', 1),
(57, '2020_07_21_161832_create_bairros_table', 1),
(58, '2020_07_21_161921_create_categorias_table', 1),
(59, '2020_07_21_162013_create_dimensaos_table', 1),
(60, '2020_07_21_162055_create_formadors_table', 1),
(61, '2020_07_21_162122_create_participantes_table', 1),
(62, '2020_07_21_162151_create_questaos_table', 1),
(63, '2020_07_21_162209_create_sessaos_table', 1),
(64, '2020_07_25_122738_categoria_dimensao', 1),
(68, '2020_08_21_160726_create_erro_questao_table', 2),
(67, '2020_08_21_072953_create_erros_table', 2);

-- --------------------------------------------------------

--
-- Table structure for table `participantes`
--

DROP TABLE IF EXISTS `participantes`;
CREATE TABLE IF NOT EXISTS `participantes` (
  `id` bigint(20) UNSIGNED NOT NULL AUTO_INCREMENT,
  `name` varchar(191) COLLATE utf8mb4_unicode_ci NOT NULL,
  `created_at` timestamp NULL DEFAULT NULL,
  `updated_at` timestamp NULL DEFAULT NULL,
  PRIMARY KEY (`id`)
) ENGINE=MyISAM DEFAULT CHARSET=utf8mb4 COLLATE=utf8mb4_unicode_ci;

-- --------------------------------------------------------

--
-- Table structure for table `participante_questao`
--

DROP TABLE IF EXISTS `participante_questao`;
CREATE TABLE IF NOT EXISTS `participante_questao` (
  `id` bigint(20) UNSIGNED NOT NULL AUTO_INCREMENT,
  `participante_id` bigint(20) UNSIGNED NOT NULL,
  `questao_id` bigint(20) UNSIGNED NOT NULL,
  `dimensao_id` bigint(20) UNSIGNED NOT NULL,
  `sessao_id` bigint(20) UNSIGNED NOT NULL,
  `bairro_id` bigint(20) UNSIGNED NOT NULL,
  `created_at` timestamp NULL DEFAULT NULL,
  `updated_at` timestamp NULL DEFAULT NULL,
  PRIMARY KEY (`id`),
  KEY `participante_questao_participante_id_foreign` (`participante_id`),
  KEY `participante_questao_questao_id_foreign` (`questao_id`),
  KEY `participante_questao_sessao_id_foreign` (`sessao_id`),
  KEY `participante_questao_dimensao_id_foreign` (`dimensao_id`),
  KEY `participante_questao_bairro_id_foreign` (`bairro_id`)
) ENGINE=MyISAM DEFAULT CHARSET=utf8mb4 COLLATE=utf8mb4_unicode_ci;

-- --------------------------------------------------------

--
-- Table structure for table `password_resets`
--

DROP TABLE IF EXISTS `password_resets`;
CREATE TABLE IF NOT EXISTS `password_resets` (
  `email` varchar(191) COLLATE utf8mb4_unicode_ci NOT NULL,
  `token` varchar(191) COLLATE utf8mb4_unicode_ci NOT NULL,
  `created_at` timestamp NULL DEFAULT NULL,
  KEY `password_resets_email_index` (`email`)
) ENGINE=MyISAM DEFAULT CHARSET=utf8mb4 COLLATE=utf8mb4_unicode_ci;

-- --------------------------------------------------------

--
-- Table structure for table `questaos`
--

DROP TABLE IF EXISTS `questaos`;
CREATE TABLE IF NOT EXISTS `questaos` (
  `id` bigint(20) UNSIGNED NOT NULL AUTO_INCREMENT,
  `name` varchar(191) COLLATE utf8mb4_unicode_ci NOT NULL,
  `created_at` timestamp NULL DEFAULT NULL,
  `updated_at` timestamp NULL DEFAULT NULL,
  PRIMARY KEY (`id`)
) ENGINE=MyISAM AUTO_INCREMENT=171 DEFAULT CHARSET=utf8mb4 COLLATE=utf8mb4_unicode_ci;

--
-- Dumping data for table `questaos`
--

INSERT INTO `questaos` (`id`, `name`, `created_at`, `updated_at`) VALUES
(1, 'Vias de contaminação', '2020-08-16 12:39:38', '2020-08-16 18:58:12'),
(2, 'Sintomas', '2020-08-16 12:39:59', '2020-08-16 18:58:20'),
(4, 'Grupo de risco', '2020-08-16 12:40:33', '2020-08-16 18:58:29'),
(5, 'Cura & Tratamento', '2020-08-16 12:40:50', '2020-08-16 18:39:16'),
(6, 'Prevenção', '2020-08-16 12:41:13', '2020-08-16 18:58:02'),
(7, 'Abre espaço para apresentarem as dúvidas', '2020-08-16 12:41:30', '2020-08-16 18:59:12'),
(8, 'Clareza', '2020-08-16 12:41:46', '2020-08-16 18:58:47'),
(9, 'Consistência(conciso)', '2020-08-16 12:42:05', '2020-08-16 18:49:25'),
(10, 'Confiança', '2020-08-16 12:42:17', '2020-08-16 18:49:33'),
(11, 'Satisfação de dúvidas', '2020-08-16 12:42:33', '2020-08-16 18:58:55'),
(12, 'Elucidação com recurso a exemplos', '2020-08-16 12:42:49', '2020-08-16 18:59:22'),
(13, 'Simpatia', '2020-08-16 12:43:06', '2020-08-16 18:50:12'),
(14, 'Empatia', '2020-08-16 12:43:23', '2020-08-16 18:57:39'),
(15, 'Amigabilidade', '2020-08-16 12:43:45', '2020-08-16 18:57:48'),
(16, 'Lave frequentemente as mãos. Utilize água e sabão, ou uma solução à base de álcool', '2020-08-16 12:46:53', '2020-08-16 13:38:55'),
(17, 'Mantenha uma distância segura de qualquer pessoa que estiver a espirrar ou tossir.', '2020-08-16 12:47:10', '2020-08-16 13:39:04'),
(18, 'Evitar tocar a boca, boca nariz', '2020-08-16 12:47:23', '2020-08-16 13:31:25'),
(19, 'Cubra o nariz e a boca com o cotovelo fletido ou um lenço quando tossir ou espirrar', '2020-08-16 12:47:40', '2020-08-16 13:39:13'),
(20, 'Se se sentir doente, fique em casa.', '2020-08-16 12:47:58', '2020-08-16 12:47:58'),
(21, 'evitar visitas desnecessárias a instalações médicas', '2020-08-16 12:49:12', '2020-08-16 13:05:39'),
(22, 'Espirro', '2020-08-16 12:49:36', '2020-08-16 13:05:56'),
(23, 'Tosse', '2020-08-16 12:49:54', '2020-08-16 13:31:57'),
(24, 'Catarro(Scarro)', '2020-08-16 12:50:10', '2020-08-16 12:50:10'),
(25, 'Goticulas de Saliva', '2020-08-16 12:50:23', '2020-08-16 13:23:54'),
(26, 'Contacto, toque ou aperto de mão', '2020-08-16 12:50:45', '2020-08-16 13:39:56'),
(27, 'Contacto com objectos ou superfícies contamindas', '2020-08-16 12:51:08', '2020-08-16 13:24:12'),
(28, 'Febres', '2020-08-16 12:51:30', '2020-08-16 13:40:18'),
(29, 'Vomito', '2020-08-16 12:51:45', '2020-08-16 13:40:43'),
(30, 'Tosse', '2020-08-16 12:52:06', '2020-08-16 13:40:52'),
(31, 'Dificuldade em respirar', '2020-08-16 12:52:29', '2020-08-16 13:08:12'),
(32, 'Dor de garganta', '2020-08-16 12:52:47', '2020-08-16 13:41:01'),
(33, 'Cansaço', '2020-08-16 12:53:01', '2020-08-16 13:33:16'),
(34, 'Teste de Sangue', '2020-08-16 12:53:21', '2020-08-16 13:25:31'),
(35, 'Zaragatoa(“cotenete”)', '2020-08-16 12:53:44', '2020-08-16 12:53:44'),
(36, 'Não existe cura', '2020-08-16 12:54:01', '2020-08-16 13:41:32'),
(37, 'Trata-se', '2020-08-16 12:54:17', '2020-08-16 12:54:17'),
(38, 'Não sei', '2020-08-16 12:54:39', '2020-08-16 13:34:33'),
(39, 'Pessoas idosas, a partir dos 60 anos', '2020-08-16 12:55:01', '2020-08-16 13:41:40'),
(40, 'Pessoas que vivem num lar de idosos ou unidades de cuidados de saúde prolongados', '2020-08-16 12:55:16', '2020-08-16 12:55:16'),
(41, 'Pessoas com doenças pulmonares córnicas ou asma', '2020-08-16 12:55:38', '2020-08-16 13:26:15'),
(42, 'Pessoas com problemas cardíacos(coracao)', '2020-08-16 12:55:54', '2020-08-16 12:55:54'),
(43, 'Pessoas com sistema imunológico deficiente', '2020-08-16 12:56:11', '2020-08-16 13:26:58'),
(44, 'Pessoas com Obesidade', '2020-08-16 12:56:28', '2020-08-16 12:56:28'),
(45, 'Inútil', '2020-08-16 12:57:26', '2020-08-16 12:57:26'),
(46, 'Pouco útil', '2020-08-16 12:57:42', '2020-08-16 12:57:42'),
(47, 'Não sei', '2020-08-16 12:57:59', '2020-08-16 18:33:18'),
(48, 'Importante', '2020-08-16 12:58:17', '2020-08-16 18:44:50'),
(49, 'Muito importante', '2020-08-16 12:58:39', '2020-08-16 18:50:50'),
(50, 'Nr total de participantes', '2020-08-16 12:59:04', '2020-08-16 18:51:03'),
(51, 'Mascara', '2020-08-16 13:22:46', '2020-08-16 13:39:30'),
(52, 'Congestão nasal ( narinas entupidas )', '2020-08-16 13:33:49', '2020-08-16 13:33:49'),
(54, 'Sim', '2020-08-16 15:45:34', '2020-08-16 15:45:34'),
(55, 'Não', '2020-08-16 15:46:00', '2020-08-16 15:46:00'),
(56, 'Não sei', '2020-08-16 15:46:15', '2020-08-16 15:46:15'),
(57, 'Sim', '2020-08-16 15:49:06', '2020-08-16 15:49:06'),
(58, 'Não', '2020-08-16 15:49:14', '2020-08-16 15:49:14'),
(59, 'Não sei', '2020-08-16 15:49:26', '2020-08-16 15:49:26'),
(60, 'higiene e saneamento de meio ambiente.', '2020-08-16 16:40:51', '2020-08-16 16:40:51'),
(61, 'Uso da rede mosquiteira tratada com inseticida', '2020-08-16 16:41:05', '2020-08-16 16:41:05'),
(62, 'Pulverização das casas, incluindo o quintal,', '2020-08-16 16:41:21', '2020-08-16 16:41:21'),
(63, 'A eliminação das águas estagnadas,', '2020-08-16 16:41:37', '2020-08-16 16:41:37'),
(64, 'picada do mosquito (fêmeas)', '2020-08-16 16:41:54', '2020-08-16 16:41:54'),
(65, 'Febre alta', '2020-08-16 16:42:06', '2020-08-16 16:42:06'),
(66, 'Tremores, Calafrios', '2020-08-16 16:42:19', '2020-08-16 16:42:19'),
(67, 'Dores (de cabeça, articulares, abdominal)', '2020-08-16 16:42:34', '2020-08-16 16:42:34'),
(68, 'Vômitos', '2020-08-16 16:42:51', '2020-08-16 16:42:51'),
(69, 'Cansaço', '2020-08-16 16:43:04', '2020-08-16 16:43:04'),
(70, 'Falta de apetite.', '2020-08-16 16:43:22', '2020-08-16 16:43:22'),
(71, 'Suor intenso', '2020-08-16 16:43:38', '2020-08-16 16:43:38'),
(72, 'Diarreia', '2020-08-16 16:43:59', '2020-08-16 16:43:59'),
(73, 'Edema pulmonar (Acumulo excessivo de liquido nos pulmões)', '2020-08-16 16:44:21', '2020-08-16 16:44:21'),
(74, 'Icterícia\r\n(às lesões no fígado, cor amarela dos olhos)', '2020-08-16 16:44:34', '2020-08-16 16:44:34'),
(75, 'Hipoglicemia (diminuição do açúcar no sangue)', '2020-08-16 16:44:49', '2020-08-16 16:44:49'),
(76, 'Anemia (“falta de sangue”)', '2020-08-16 16:45:09', '2020-08-16 16:45:09'),
(77, 'Malária cerebral\r\ndelírios e confusão mental, Convulsões', '2020-08-16 16:45:24', '2020-08-16 16:45:24'),
(78, 'Insuficiência renal', '2020-08-16 16:45:40', '2020-08-16 16:45:40'),
(79, 'Baixa pressão', '2020-08-16 16:45:54', '2020-08-16 16:45:54'),
(80, 'Medicar', '2020-08-16 16:46:08', '2020-08-16 16:46:08'),
(81, 'Repousar', '2020-08-16 16:46:21', '2020-08-16 16:46:21'),
(82, 'Bebês e crianças', '2020-08-16 16:46:33', '2020-08-16 16:46:33'),
(83, 'Mulheres gravidas', '2020-08-16 16:46:49', '2020-08-16 16:46:49'),
(84, 'Viver em locais com agua estagnada', '2020-08-16 16:47:04', '2020-08-16 16:47:04'),
(85, 'Mudança de comportamento quanto a higiene e saneamento de meio ambiente', '2020-08-16 16:47:32', '2020-08-16 18:27:29'),
(86, 'Purificar a água antes de consumir (pode ser usado cloro).', '2020-08-16 16:47:53', '2020-08-16 18:20:38'),
(87, 'Fazer uma boa higiene pessoal.', '2020-08-16 16:48:11', '2020-08-16 18:27:38'),
(88, 'Evitar o consumo de alimentos crus.', '2020-08-16 16:48:23', '2020-08-16 18:21:05'),
(89, 'Proteger os doentes do contato das moscas.', '2020-08-16 16:48:37', '2020-08-16 18:28:07'),
(90, 'Investigar os casos de aparição da doença no grupo.', '2020-08-16 16:48:51', '2020-08-16 18:28:20'),
(91, 'A vacinação oral', '2020-08-16 16:49:07', '2020-08-16 18:29:22'),
(92, 'Proteger os alimentos do contato com moscas disposição adequada de excretas (construção de latrinas)', '2020-08-16 16:49:37', '2020-08-16 18:29:06'),
(93, 'Lixo', '2020-08-16 16:49:55', '2020-08-16 18:28:52'),
(94, 'ingestão de água ou alimentos contaminados por fezes ou vómitos de um doente ou portador', '2020-08-16 16:50:12', '2020-08-16 18:30:00'),
(126, 'Diarreia, (por vezes do tipo “água de arroz” e cheiro a peixe,)', '2020-08-16 17:08:28', '2020-08-16 18:30:17'),
(138, 'A redução do número de parceiros. (Ter apenas um parceiro)', '2020-08-16 17:14:11', '2020-08-16 18:51:42'),
(137, 'O retardamento do início da actividade sexual, especialmente nos adolescentes e jovens.', '2020-08-16 17:13:48', '2020-08-16 17:13:48'),
(135, 'Preservativo masculino', '2020-08-16 17:13:20', '2020-08-16 18:57:02'),
(136, 'Preservativo feminino', '2020-08-16 17:13:33', '2020-08-16 17:13:33'),
(117, 'Queda de potássio no sangue, levando a arritmias cardíacas;', '2020-08-16 16:59:13', '2020-08-16 16:59:13'),
(112, 'Reidratação dos pacientes, por meio da administração oral de líquidos e solução de sais de reidratação oral (SRO) ou fluidos endovenosos dependendo da gravidade do caso.', '2020-08-16 16:57:31', '2020-08-16 18:31:16'),
(113, 'Diminuição da quantidade de sangue circulante no corpo);\r\n1', '2020-08-16 16:57:47', '2020-08-16 16:57:47'),
(114, 'Fraqueza intestinal;', '2020-08-16 16:58:03', '2020-08-16 16:58:03'),
(115, 'Necrose renal;', '2020-08-16 16:58:44', '2020-08-16 16:58:44'),
(116, 'Hipoglicemia, com convulsões e coma em crianças.', '2020-08-16 16:58:59', '2020-08-16 16:58:59'),
(118, 'Em gestantes, o choque hipovolêmico pode induzir a ocorrência de aborto e parto  Prematuro', '2020-08-16 16:59:38', '2020-08-16 18:22:38'),
(119, 'Condições precárias de saneamento básico;', '2020-08-16 16:59:56', '2020-08-16 18:22:58'),
(120, 'Consumo de água sem tratamento adequado;', '2020-08-16 17:00:08', '2020-08-16 18:32:16'),
(121, 'Condições precárias de higiene pessoal;', '2020-08-16 17:00:20', '2020-08-16 18:32:26'),
(122, 'Consumo de alimentos sem higienização ou manipulação adequadas;', '2020-08-16 17:00:37', '2020-08-16 18:23:16'),
(123, 'Consumo de peixes e mariscos crus ou mal cozidos.', '2020-08-16 17:00:57', '2020-08-16 17:00:57'),
(127, 'dor abdominal', '2020-08-16 17:08:53', '2020-08-16 18:21:57'),
(128, 'Cãibras (contração de músculos),', '2020-08-16 17:09:06', '2020-08-16 18:22:17'),
(125, 'Vômitos', '2020-08-16 17:07:32', '2020-08-16 18:30:38'),
(129, 'Desidratação', '2020-08-16 17:09:23', '2020-08-16 18:30:55'),
(130, 'Pressão arterial baixa.', '2020-08-16 17:09:40', '2020-08-16 17:09:40'),
(131, 'Pouca ou nenhuma produção de urina.', '2020-08-16 17:10:01', '2020-08-16 17:10:01'),
(132, 'Olhos encovados;', '2020-08-16 17:10:15', '2020-08-16 17:10:15'),
(133, 'Boca seca.; Sede excessiva', '2020-08-16 17:10:35', '2020-08-16 17:10:35'),
(134, 'Pele seca e enrugada', '2020-08-16 17:10:51', '2020-08-16 17:10:51'),
(139, 'Procurar a unidade sanitária quando surgir em sintomas e sinais de ITS e levar o parceiro a fazer tratamento ou recomendar-lhe que o faça.', '2020-08-16 17:14:26', '2020-08-16 18:43:37'),
(140, 'Manter a área genital limpa.', '2020-08-16 17:14:41', '2020-08-16 17:14:41'),
(141, 'Não introduzir líquidos ou outros produtos na vagina', '2020-08-16 17:14:53', '2020-08-16 17:14:53'),
(142, 'Sexualmente', '2020-08-16 17:15:12', '2020-08-16 18:56:35'),
(143, 'Vias sanguínea (HIV)', '2020-08-16 17:15:28', '2020-08-16 18:56:20'),
(144, 'Corrimentos pelo órgão sexual em quantidade e cores variadas;(com mau odor para as mulheres)', '2020-08-16 17:15:46', '2020-08-16 17:15:46'),
(145, 'Ardor quando urina;', '2020-08-16 17:16:00', '2020-08-16 18:55:34'),
(146, 'Órgãos inchados e com dores (testículos, )', '2020-08-16 17:16:13', '2020-08-16 17:16:13'),
(147, 'Abcessos, aftas, vermelhidão e prurido nos órgãos', '2020-08-16 17:16:25', '2020-08-16 17:16:25'),
(148, 'Dor e ardor durante o ato sexual', '2020-08-16 17:16:41', '2020-08-16 17:16:41'),
(149, 'Hemorragias fora do período da menstruação;', '2020-08-16 17:16:55', '2020-08-16 17:16:55'),
(150, 'Menstruação irregular', '2020-08-16 17:17:17', '2020-08-16 17:17:17'),
(151, 'Infertilidade, ou até mesmo, esterilidade ;', '2020-08-16 17:17:36', '2020-08-16 17:17:36'),
(152, 'Inflamação nos órgãos genitais masculinos, podendo causar impotência;', '2020-08-16 17:17:56', '2020-08-16 17:17:56'),
(153, 'Inflamação no útero, nas trompas e ovários podendo levar a uma infeção corporal;', '2020-08-16 17:18:16', '2020-08-16 17:18:16'),
(154, 'Maior probabilidade de desenvolver cancro no colo do útero e no pénis;', '2020-08-16 17:18:29', '2020-08-16 17:18:29'),
(155, 'Nascimento precoce do bebé, malformações corporais, morte do mesmo na barriga da progenitora ou morte pós-natal.', '2020-08-16 17:18:45', '2020-08-16 17:18:45'),
(156, 'Problemas imunitários, no caso mais particular da SIDA.( propenso a doencas oportunistas)', '2020-08-16 17:18:58', '2020-08-16 18:52:55'),
(157, 'Utilizar apenas medicação prescrita pelo serviço de saúde;', '2020-08-16 17:19:12', '2020-08-16 17:19:12'),
(158, 'Tomar a medicação a tempo e nas quantidades recomendadas até o fim, mesmo que os sintomas e sinais tenham desaparecido;', '2020-08-16 17:19:23', '2020-08-16 18:42:51'),
(159, 'Evitar as relações sexuais durante o tratamento;', '2020-08-16 17:19:36', '2020-08-16 18:43:06'),
(160, 'Evitar consumir bebidas alcoólicas durante o tratamento', '2020-08-16 17:19:56', '2020-08-16 18:53:27'),
(161, 'Contactos sexuais casuais', '2020-08-16 17:20:11', '2020-08-16 18:43:18'),
(162, 'Relações sexuais com múltiplos parceiros', '2020-08-16 17:20:24', '2020-08-16 18:57:17'),
(163, 'Utilização irregular ou não utilização do preservativo, (isto implica a não utilização de preservativo ao longo de todo ato sexual, o preservativo rasgar durante o ato)', '2020-08-16 17:20:43', '2020-08-16 17:20:43'),
(164, 'Início precoce da atividade sexual;', '2020-08-16 17:20:56', '2020-08-16 17:20:56'),
(165, 'Falta de cuidados de higiene, nomeadamente da área genital;', '2020-08-16 17:21:14', '2020-08-16 17:21:14'),
(166, 'Consulta tardia após surgirem os primeiros sinais ou sintomas;', '2020-08-16 17:21:34', '2020-08-16 17:21:34'),
(167, 'Não comunicação com os parceiros sexuais, para que estes se possam tratar o mais precocemente possível, não afetando outras pessoas;', '2020-08-16 17:21:48', '2020-08-16 18:44:25'),
(168, 'pilar acucar com agua', '2020-08-16 17:46:54', '2020-08-16 18:31:24'),
(169, 'Consumir alimentos próximos a casa de banho', '2020-08-16 17:48:32', '2020-08-16 17:48:32'),
(170, 'medicar', '2020-08-16 18:31:41', '2020-08-16 18:31:41');

-- --------------------------------------------------------

--
-- Table structure for table `sessaos`
--

DROP TABLE IF EXISTS `sessaos`;
CREATE TABLE IF NOT EXISTS `sessaos` (
  `id` bigint(20) UNSIGNED NOT NULL AUTO_INCREMENT,
  `name` varchar(191) COLLATE utf8mb4_unicode_ci NOT NULL,
  `created_at` timestamp NULL DEFAULT NULL,
  `updated_at` timestamp NULL DEFAULT NULL,
  PRIMARY KEY (`id`)
) ENGINE=MyISAM AUTO_INCREMENT=7 DEFAULT CHARSET=utf8mb4 COLLATE=utf8mb4_unicode_ci;

--
-- Dumping data for table `sessaos`
--

INSERT INTO `sessaos` (`id`, `name`, `created_at`, `updated_at`) VALUES
(1, 'Covid-19', '2020-08-16 12:32:38', '2020-08-16 12:32:38'),
(2, 'ITS', '2020-08-16 12:32:51', '2020-08-16 12:32:51'),
(3, 'Malária', '2020-08-16 12:33:20', '2020-08-16 12:33:20'),
(4, 'Cólera', '2020-08-16 12:33:42', '2020-08-16 14:59:46'),
(5, 'Casamento prematuro', '2020-08-16 12:34:26', '2020-08-16 12:34:26'),
(6, 'Gravidez na infância', '2020-08-16 12:34:50', '2020-08-16 12:34:50');

-- --------------------------------------------------------

--
-- Table structure for table `users`
--

DROP TABLE IF EXISTS `users`;
CREATE TABLE IF NOT EXISTS `users` (
  `id` bigint(20) UNSIGNED NOT NULL AUTO_INCREMENT,
  `name` varchar(191) COLLATE utf8mb4_unicode_ci NOT NULL,
  `email` varchar(191) COLLATE utf8mb4_unicode_ci NOT NULL,
  `email_verified_at` timestamp NULL DEFAULT NULL,
  `password` varchar(191) COLLATE utf8mb4_unicode_ci NOT NULL,
  `remember_token` varchar(100) COLLATE utf8mb4_unicode_ci DEFAULT NULL,
  `created_at` timestamp NULL DEFAULT NULL,
  `updated_at` timestamp NULL DEFAULT NULL,
  PRIMARY KEY (`id`),
  UNIQUE KEY `users_email_unique` (`email`)
) ENGINE=MyISAM AUTO_INCREMENT=2 DEFAULT CHARSET=utf8mb4 COLLATE=utf8mb4_unicode_ci;

--
-- Dumping data for table `users`
--

INSERT INTO `users` (`id`, `name`, `email`, `email_verified_at`, `password`, `remember_token`, `created_at`, `updated_at`) VALUES
(1, 'John Doe', 'admin@gmail.com', '2020-08-16 12:25:20', '$2y$10$H1gnsySXGi76oLeY0uT8jeuEWxasXGiORD9oWdmQoDq/qTu5PbPYS', 'j7n6jZTnQ8I8pzVlfQOq14FhmT1oxfuLbowTrQIHRVc3Zyrm6JT1KiloZsuZ', '2020-08-16 12:25:20', '2020-08-16 12:25:20');
COMMIT;

/*!40101 SET CHARACTER_SET_CLIENT=@OLD_CHARACTER_SET_CLIENT */;
/*!40101 SET CHARACTER_SET_RESULTS=@OLD_CHARACTER_SET_RESULTS */;
/*!40101 SET COLLATION_CONNECTION=@OLD_COLLATION_CONNECTION */;
